{"stats":{"minecraft:crafted":{"minecraft:black_dye":2,"minecraft:oak_planks":248,"minecraft:cobblestone_stairs":108,"minecraft:diamond_shovel":2,"minecraft:cooked_mutton":4,"minecraft:warped_planks":72,"minecraft:bow":2,"minecraft:diamond_helmet":2,"minecraft:diamond_leggings":2,"minecraft:chest":3,"morebows:iron_bow":2,"minecraft:oak_fence":15,"minecraft:golden_boots":1,"sophisticatedbackpacks:backpack":1,"minecraft:diamond_axe":2,"minecraft:crafting_table":14,"minecraft:spruce_planks":368,"minecraft:wooden_pickaxe":1,"minecraft:baked_potato":23,"minecraft:spruce_door":6,"minecraft:birch_planks":216,"minecraft:spruce_trapdoor":8,"minecraft:diamond_pickaxe":2,"minecraft:shield":2,"sophisticatedbackpacks:diamond_backpack":1,"minecraft:stick":60,"minecraft:iron_ingot":9,"minecraft:iron_pickaxe":1,"minecraft:stone_sword":1,"minecraft:gold_ingot":80,"minecraft:birch_stairs":144,"minecraft:oak_door":6,"minecraft:coal":9,"minecraft:stone_shovel":1,"minecraft:iron_nugget":9,"minecraft:diamond_hoe":1,"comforts:sleeping_bag_white":1,"minecraft:furnace":1,"minecraft:flint_and_steel":2,"minecraft:spruce_stairs":24,"minecraft:iron_axe":1,"minecraft:iron_hoe":1,"simplyswords:diamond_warglaive":1,"minecraft:stone_pickaxe":1,"minecraft:diamond_boots":2,"minecraft:spruce_boat":3,"minecraft:wheat":405,"sophisticatedbackpacks:iron_backpack":2,"minecraft:cooked_beef":8,"minecraft:diamond_sword":2,"minecraft:iron_sword":1,"sophisticatedbackpacks:gold_backpack":3,"minecraft:bucket":3,"minecraft:stone_axe":1,"minecraft:bread":137,"minecraft:air":0,"minecraft:oak_boat":3,"morebows:ender_bow":1,"minecraft:wooden_axe":1,"minecraft:iron_shovel":1,"minecraft:acacia_planks":16,"minecraft:torch":20,"minecraft:diamond_chestplate":2},"minecraft:picked_up":{"minecraft:iron_chestplate":3,"minecraft:diamond_sword":1,"minecraft:oak_stairs":2,"minecraft:enchanted_book":2,"minecraft:nether_brick":3,"minecraft:crimson_planks":1,"minecraft:string":38,"minecraft:iron_leggings":3,"minecraft:purple_banner":2,"comforts:sleeping_bag_black":16,"minecraft:diamond_leggings":1,"minecraft:red_sand":10,"minecraft:cobbled_deepslate":29,"minecraft:bucket":1,"comforts:sleeping_bag_white":2,"minecraft:spruce_planks":358,"minecraft:ender_eye":2,"minecraft:calcite":20,"minecraft:azalea":5,"minecraft:coal_block":4,"minecraft:furnace":8,"minecraft:stick":45,"minecraft:oak_fence":2,"minecraft:acacia_log":4,"minecraft:spruce_stairs":16,"minecraft:porkchop":50,"minecraft:green_terracotta":1,"simplyswords:diamond_warglaive":1,"minecraft:stone_sword":2,"minecraft:rotten_flesh":30,"minecraft:cyan_terracotta":11,"minecraft:blaze_rod":3,"minecraft:obsidian":11,"minecraft:iron_bars":3,"minecraft:cobblestone":292,"minecraft:birch_log":86,"minecraft:magma_block":2,"minecraft:cooked_beef":8,"minecraft:lilac":1,"morebows:ender_bow":1,"minecraft:jungle_log":1,"minecraft:iron_door":1,"minecraft:andesite":4,"minecraft:smoker":3,"minecraft:potato":93,"minecraft:magenta_dye":12,"minecraft:flint":2,"minecraft:gray_concrete":1,"minecraft:lapis_lazuli":128,"minecraft:dirt":160,"minecraft:bone":61,"minecraft:wheat_seeds":9,"minecraft:raw_gold":34,"minecraft:glowstone_dust":2,"minecraft:diamond_helmet":1,"minecraft:bamboo":31,"minecraft:moss_block":9,"minecraft:oak_planks":38,"minecraft:lime_terracotta":3,"minecraft:axolotl_bucket":2,"minecraft:jungle_planks":3,"minecraft:sand":1,"sophisticatedbackpacks:iron_backpack":1,"minecraft:ink_sac":2,"minecraft:jungle_slab":1,"minecraft:spectral_arrow":33,"minecraft:diamond":44,"minecraft:spruce_boat":6,"minecraft:cracked_polished_blackstone_bricks":3,"minecraft:golden_apple":1,"minecraft:bread":9,"minecraft:rooted_dirt":240,"minecraft:oak_sapling":7,"minecraft:netherrack":88,"minecraft:crimson_roots":11,"minecraft:diamond_pickaxe":1,"sophisticatedbackpacks:gold_backpack":1,"minecraft:crafting_table":13,"minecraft:clay_ball":48,"minecraft:gold_block":4,"minecraft:shield":2,"minecraft:flint_and_steel":1,"minecraft:moss_carpet":13,"minecraft:iron_axe":2,"minecraft:iron_shovel":2,"minecraft:blackstone":19,"minecraft:beef":38,"minecraft:spruce_slab":9,"minecraft:sugar_cane":55,"minecraft:chest":5,"minecraft:spruce_trapdoor":2,"minecraft:raw_iron":208,"minecraft:copper_ingot":31,"minecraft:fire_charge":1,"minecraft:polished_blackstone_bricks":4,"minecraft:carrot":3,"minecraft:iron_horse_armor":1,"minecraft:purple_terracotta":2,"minecraft:tnt":1,"minecraft:stone_shovel":1,"minecraft:arrow":39,"minecraft:diamond_chestplate":1,"minecraft:decorated_pot":1,"minecraft:jungle_stairs":1,"minecraft:diamond_boots":1,"minecraft:hay_block":18,"minecraft:saddle":1,"minecraft:gold_ingot":18,"minecraft:glow_berries":8,"minecraft:mutton":9,"minecraft:skeleton_skull":1,"minecraft:bone_block":47,"minecraft:white_wool":6,"minecraft:oxeye_daisy":2,"minecraft:basalt":1,"minecraft:leather":31,"minecraft:filled_map":1,"minecraft:crimson_fungus":4,"minecraft:oak_log":156,"minecraft:ancient_debris":1,"minecraft:gunpowder":13,"minecraft:cobblestone_stairs":16,"minecraft:cooked_mutton":4,"minecraft:coast_armor_trim_smithing_template":2,"minecraft:apple":3,"minecraft:iron_ingot":282,"minecraft:stone_pickaxe":1,"minecraft:soul_sand":12,"minecraft:flowering_azalea":1,"minecraft:iron_sword":1,"minecraft:book":42,"minecraft:smooth_basalt":3,"minecraft:quartz":12,"minecraft:gravel":34,"minecraft:lava_bucket":1,"minecraft:birch_stairs":78,"minecraft:soul_torch":2,"minecraft:blast_furnace":2,"minecraft:spruce_sapling":9,"minecraft:spruce_log":71,"minecraft:spruce_door":1,"minecraft:spider_eye":6,"minecraft:slime_ball":2,"minecraft:stone_axe":1,"minecraft:iron_helmet":2,"minecraft:diamond_axe":1,"minecraft:baked_potato":19,"minecraft:melon_seeds":4,"minecraft:coal":276,"minecraft:ender_pearl":4},"minecraft:mined":{"minecraft:spruce_planks":42,"minecraft:oak_sapling":1,"minecraft:jungle_slab":2,"minecraft:cobblestone_stairs":12,"minecraft:obsidian":8,"minecraft:spruce_trapdoor":2,"minecraft:cave_vines_plant":1,"minecraft:acacia_log":5,"minecraft:red_sand":5,"minecraft:grass_block":81,"minecraft:jungle_log":1,"minecraft:cracked_polished_blackstone_bricks":3,"minecraft:coal_block":4,"minecraft:crimson_fungus":2,"minecraft:oxeye_daisy":2,"minecraft:spawner":3,"minecraft:polished_blackstone_bricks":4,"minecraft:tall_seagrass":3,"minecraft:magma_block":2,"minecraft:iron_ore":39,"minecraft:cobbled_deepslate":2,"minecraft:fire":13,"minecraft:deepslate_lapis_ore":7,"minecraft:azure_bluet":1,"minecraft:dirt_path":1,"minecraft:oak_stairs":2,"minecraft:iron_bars":3,"minecraft:azalea":2,"minecraft:tripwire":2,"minecraft:spruce_slab":10,"minecraft:cyan_terracotta":12,"minecraft:blackstone":3,"minecraft:smoker":2,"minecraft:crimson_nylium":23,"minecraft:soul_fire":4,"minecraft:clay":2,"minecraft:blast_furnace":2,"minecraft:calcite":20,"minecraft:chest":5,"minecraft:glass":1,"minecraft:cobblestone":3,"minecraft:sugar_cane":21,"minecraft:oak_planks":40,"minecraft:iron_door":1,"minecraft:seagrass":4,"minecraft:nether_wart_block":1,"minecraft:birch_log":58,"minecraft:grass":60,"minecraft:oak_log":99,"minecraft:lime_terracotta":3,"minecraft:sand":2,"minecraft:dirt":1,"minecraft:crimson_planks":2,"minecraft:smooth_basalt":3,"minecraft:netherrack":60,"minecraft:oak_leaves":13,"minecraft:deepslate":19,"minecraft:suspicious_gravel":2,"minecraft:deepslate_diamond_ore":29,"minecraft:purple_terracotta":2,"minecraft:decorated_pot":1,"minecraft:jungle_planks":5,"minecraft:crimson_roots":9,"minecraft:spruce_leaves":1,"minecraft:moss_block":7,"minecraft:rooted_dirt":80,"minecraft:large_fern":1,"minecraft:hay_block":45,"minecraft:black_stained_glass_pane":1,"minecraft:furnace":6,"minecraft:carrots":1,"minecraft:green_terracotta":1,"minecraft:andesite":2,"minecraft:gold_block":4,"minecraft:bookshelf":6,"minecraft:deepslate_iron_ore":67,"minecraft:bamboo":6,"minecraft:stone":266,"minecraft:bone_block":47,"minecraft:birch_stairs":1,"minecraft:acacia_leaves":12,"minecraft:flowering_azalea":2,"minecraft:gray_concrete":1,"minecraft:soul_sand":3,"minecraft:basalt":1,"minecraft:oak_fence":1,"minecraft:crafting_table":11,"minecraft:purple_wall_banner":1,"minecraft:tall_grass":24,"minecraft:deepslate_coal_ore":3,"minecraft:lapis_ore":2,"minecraft:deepslate_gold_ore":17,"minecraft:spruce_stairs":12,"minecraft:spruce_log":7,"minecraft:birch_leaves":6,"minecraft:coal_ore":10,"minecraft:gravel":37,"minecraft:gold_ore":1},"minecraft:killed_by":{"minecraft:piglin_brute":1,"minecraft:pillager":1,"minecraft:player":1},"minecraft:custom":{"minecraft:interact_with_crafting_table":64,"minecraft:open_barrel":68,"minecraft:leave_game":5,"minecraft:time_since_death":53930,"minecraft:sprint_one_cm":771297,"minecraft:damage_blocked_by_shield":5003,"minecraft:drop":184,"minecraft:talked_to_villager":6,"minecraft:play_time":357044,"minecraft:deaths":4,"minecraft:jump":6574,"minecraft:walk_on_water_one_cm":65576,"minecraft:interact_with_furnace":19,"minecraft:sleep_in_bed":16,"minecraft:damage_dealt":40096,"minecraft:crouch_one_cm":46199,"minecraft:horse_one_cm":91944,"minecraft:inspect_dispenser":3,"minecraft:mob_kills":216,"minecraft:damage_dealt_resisted":72,"minecraft:climb_one_cm":6331,"minecraft:walk_one_cm":620950,"minecraft:damage_dealt_absorbed":1365,"minecraft:sneak_time":16820,"minecraft:walk_under_water_one_cm":69783,"minecraft:boat_one_cm":384809,"minecraft:interact_with_blast_furnace":1,"minecraft:total_world_time":357044,"minecraft:time_since_rest":53955,"minecraft:damage_taken":8506,"minecraft:damage_absorbed":566,"minecraft:swim_one_cm":193530,"minecraft:fly_one_cm":2865804,"minecraft:open_chest":119,"minecraft:fall_one_cm":223296},"minecraft:dropped":{"minecraft:iron_sword":1,"minecraft:moss_block":3,"minecraft:soul_sand":9,"minecraft:oak_log":2,"minecraft:ender_pearl":2,"minecraft:diamond":5,"minecraft:rooted_dirt":240,"minecraft:iron_horse_armor":1,"minecraft:jungle_planks":1,"simplyswords:diamond_claymore":1,"minecraft:cyan_terracotta":2,"minecraft:dirt":6,"minecraft:crimson_roots":5,"minecraft:iron_pickaxe":1,"minecraft:gold_ingot":18,"minecraft:bone":45,"minecraft:gravel":4,"minecraft:crimson_fungus":2,"minecraft:blackstone":4,"minecraft:cobbled_deepslate":9,"minecraft:nether_brick":3,"minecraft:rotten_flesh":26,"minecraft:oak_planks":6,"minecraft:glowstone_dust":2,"minecraft:warped_planks":1,"minecraft:gunpowder":10,"minecraft:azalea":5,"minecraft:chest":1,"minecraft:spruce_slab":6,"minecraft:arrow":24,"minecraft:netherrack":5,"minecraft:iron_ingot":128,"minecraft:wheat_seeds":9,"minecraft:oak_fence":2,"minecraft:iron_helmet":3,"minecraft:cobblestone":29,"minecraft:spruce_door":3,"minecraft:spruce_stairs":9,"minecraft:coal":81,"minecraft:stick":1,"minecraft:jungle_slab":1,"minecraft:iron_leggings":2,"minecraft:oak_stairs":2,"minecraft:flowering_azalea":1,"minecraft:string":2,"minecraft:moss_carpet":6,"minecraft:stone_sword":2,"minecraft:clay_ball":48,"minecraft:ender_eye":1,"minecraft:filled_map":1,"minecraft:diamond_sword":1,"minecraft:potato":23,"minecraft:shield":2,"minecraft:spruce_planks":4,"minecraft:iron_chestplate":4,"minecraft:andesite":4,"minecraft:oak_sapling":6,"minecraft:spider_eye":2,"minecraft:spruce_log":64,"minecraft:wooden_pickaxe":1,"minecraft:calcite":10},"minecraft:killed":{"creeperoverhaul:beach_creeper":1,"minecraft:spider":19,"minecraft:skeleton":38,"minecraft:piglin_brute":3,"minecraft:piglin":16,"minecraft:pig":4,"minecraft:iron_golem":1,"minecraft:creeper":7,"minecraft:sheep":6,"minecraft:pillager":9,"minecraft:zombie":42,"minecraft:blaze":11,"minecraft:cow":11,"minecraft:vindicator":2,"minecraft:slime":1,"minecraft:horse":5,"minecraft:drowned":1,"minecraft:hoglin":16,"minecraft:squid":1,"minecraft:wither_skeleton":17},"minecraft:broken":{"minecraft:golden_boots":1,"minecraft:wooden_axe":1,"minecraft:flint_and_steel":1},"minecraft:used":{"minecraft:moss_block":6,"minecraft:moss_carpet":7,"minecraft:iron_shovel":22,"minecraft:spruce_slab":3,"minecraft:diamond_hoe":37,"minecraft:chest":6,"minecraft:decorated_pot":1,"minecraft:shield":192,"minecraft:iron_sword":44,"minecraft:rotten_flesh":4,"minecraft:green_terracotta":1,"minecraft:iron_chestplate":1,"minecraft:soul_sand":3,"minecraft:mutton":4,"minecraft:jungle_planks":1,"minecraft:obsidian":22,"minecraft:spruce_boat":9,"minecraft:cyan_terracotta":5,"minecraft:lava_bucket":2,"minecraft:iron_helmet":1,"minecraft:crimson_roots":6,"minecraft:magma_block":2,"minecraft:oak_sapling":1,"minecraft:furnace":4,"minecraft:diamond_boots":3,"minecraft:spruce_door":4,"minecraft:oak_planks":183,"minecraft:stone_pickaxe":20,"minecraft:blackstone":15,"minecraft:wooden_pickaxe":3,"minecraft:sugar_cane":11,"minecraft:diamond_axe":306,"morebows:ender_bow":89,"minecraft:golden_apple":16,"minecraft:white_wool":1,"minecraft:glow_berries":20,"minecraft:sand":1,"simplyswords:diamond_warglaive":53,"simplyswords:diamond_claymore":14,"minecraft:gray_concrete":1,"minecraft:purple_terracotta":2,"minecraft:bread":85,"minecraft:iron_door":1,"minecraft:gravel":30,"minecraft:lilac":1,"minecraft:fire_charge":1,"minecraft:diamond_sword":650,"minecraft:birch_log":3,"minecraft:oak_boat":3,"minecraft:cobweb":5,"minecraft:oak_fence":15,"simplyswords:iron_cutlass":2,"minecraft:iron_bars":3,"minecraft:stone_sword":10,"minecraft:flint_and_steel":69,"minecraft:spruce_planks":170,"minecraft:cooked_salmon":1,"minecraft:netherrack":83,"minecraft:oak_door":5,"minecraft:torch":20,"minecraft:dirt":13,"minecraft:spruce_stairs":19,"minecraft:diamond_helmet":2,"minecraft:purple_banner":1,"minecraft:iron_hoe":20,"minecraft:wooden_axe":41,"minecraft:iron_axe":1,"minecraft:jungle_log":1,"minecraft:crimson_planks":1,"minecraft:smooth_basalt":3,"minecraft:diamond_chestplate":1,"minecraft:basalt":1,"minecraft:golden_carrot":5,"minecraft:beef":3,"comforts:sleeping_bag_white":1,"minecraft:cobbled_deepslate":20,"minecraft:calcite":10,"minecraft:cooked_mutton":3,"minecraft:water_bucket":34,"minecraft:cobblestone_stairs":118,"comforts:sleeping_bag_black":15,"minecraft:baked_potato":29,"minecraft:polished_blackstone_bricks":2,"minecraft:lime_terracotta":3,"minecraft:tnt":1,"minecraft:crafting_table":23,"plushies:axolotl_plushie":1,"minecraft:cod":2,"minecraft:warped_planks":64,"minecraft:spruce_log":3,"minecraft:oak_log":29,"minecraft:diamond_pickaxe":548,"minecraft:oxeye_daisy":2,"minecraft:diamond_shovel":186,"minecraft:cracked_polished_blackstone_bricks":3,"minecraft:iron_pickaxe":142,"minecraft:spruce_trapdoor":10,"minecraft:stone_axe":20,"minecraft:crimson_fungus":2,"minecraft:cobblestone":65,"minecraft:porkchop":8,"minecraft:bucket":38,"minecraft:diamond_leggings":2,"minecraft:birch_stairs":66}},"DataVersion":3465}