{"stats":{"minecraft:mined":{"minecraft:spruce_planks":4,"minecraft:oak_sapling":1,"minecraft:deepslate_diamond_ore":1,"minecraft:purple_terracotta":2,"minecraft:grass_block":80,"minecraft:jungle_planks":4,"minecraft:spruce_leaves":1,"minecraft:moss_block":3,"minecraft:oxeye_daisy":2,"minecraft:rooted_dirt":80,"minecraft:large_fern":1,"minecraft:furnace":2,"minecraft:iron_ore":36,"minecraft:fire":3,"minecraft:andesite":2,"minecraft:deepslate_lapis_ore":2,"minecraft:azure_bluet":1,"minecraft:bookshelf":6,"minecraft:deepslate_iron_ore":31,"minecraft:dirt_path":1,"minecraft:azalea":1,"minecraft:stone":36,"minecraft:spruce_slab":1,"minecraft:flowering_azalea":2,"minecraft:smoker":1,"minecraft:clay":2,"minecraft:crafting_table":4,"minecraft:chest":2,"minecraft:tall_grass":10,"minecraft:deepslate_coal_ore":3,"minecraft:lapis_ore":2,"minecraft:sugar_cane":1,"minecraft:birch_log":32,"minecraft:spruce_log":7,"minecraft:birch_leaves":3,"minecraft:grass":26,"minecraft:oak_log":76,"minecraft:coal_ore":10,"minecraft:gravel":22,"minecraft:dirt":1,"minecraft:crimson_planks":2,"minecraft:gold_ore":1,"minecraft:oak_leaves":7,"minecraft:deepslate":1},"minecraft:used":{"minecraft:moss_block":2,"minecraft:moss_carpet":1,"simplyswords:iron_cutlass":2,"minecraft:stone_sword":10,"minecraft:iron_shovel":22,"minecraft:flint_and_steel":67,"minecraft:spruce_slab":1,"minecraft:spruce_planks":23,"minecraft:chest":4,"minecraft:shield":30,"minecraft:iron_sword":44,"minecraft:iron_chestplate":1,"minecraft:dirt":4,"minecraft:mutton":4,"minecraft:jungle_planks":1,"minecraft:spruce_boat":4,"minecraft:wooden_axe":41,"minecraft:iron_axe":1,"minecraft:iron_helmet":1,"minecraft:crimson_planks":1,"minecraft:furnace":2,"minecraft:oak_sapling":1,"comforts:sleeping_bag_white":1,"minecraft:water_bucket":6,"comforts:sleeping_bag_black":4,"minecraft:stone_pickaxe":20,"minecraft:wooden_pickaxe":3,"minecraft:diamond_axe":118,"minecraft:sugar_cane":3,"minecraft:tnt":1,"minecraft:crafting_table":7,"minecraft:purple_terracotta":2,"minecraft:spruce_log":3,"minecraft:oak_log":4,"minecraft:diamond_shovel":162,"minecraft:oxeye_daisy":2,"minecraft:bread":19,"minecraft:iron_pickaxe":114,"minecraft:gravel":17,"minecraft:lilac":1,"minecraft:stone_axe":20,"minecraft:cobblestone":4,"minecraft:birch_log":3,"minecraft:bucket":7},"minecraft:custom":{"minecraft:mob_kills":26,"minecraft:interact_with_crafting_table":17,"minecraft:open_barrel":6,"minecraft:leave_game":2,"minecraft:time_since_death":59965,"minecraft:climb_one_cm":315,"minecraft:sprint_one_cm":188568,"minecraft:walk_one_cm":107667,"minecraft:damage_blocked_by_shield":975,"minecraft:drop":57,"minecraft:talked_to_villager":1,"minecraft:play_time":92027,"minecraft:deaths":2,"minecraft:sneak_time":2168,"minecraft:walk_under_water_one_cm":16429,"minecraft:boat_one_cm":163292,"minecraft:jump":1469,"minecraft:walk_on_water_one_cm":20276,"minecraft:total_world_time":92027,"minecraft:sleep_in_bed":5,"minecraft:time_since_rest":9109,"minecraft:damage_taken":1236,"minecraft:damage_dealt":4296,"minecraft:swim_one_cm":13395,"minecraft:fly_one_cm":587911,"minecraft:open_chest":30,"minecraft:crouch_one_cm":4143,"minecraft:fall_one_cm":42115},"minecraft:picked_up":{"minecraft:crafting_table":5,"minecraft:iron_chestplate":2,"minecraft:clay_ball":48,"minecraft:crimson_planks":1,"minecraft:shield":1,"minecraft:moss_carpet":5,"minecraft:iron_axe":1,"minecraft:iron_leggings":2,"minecraft:iron_shovel":1,"comforts:sleeping_bag_black":4,"minecraft:cobbled_deepslate":2,"comforts:sleeping_bag_white":2,"minecraft:spruce_planks":323,"minecraft:beef":28,"minecraft:ender_eye":1,"minecraft:azalea":3,"minecraft:spruce_slab":1,"minecraft:sugar_cane":3,"minecraft:chest":2,"minecraft:furnace":3,"minecraft:stick":27,"minecraft:raw_iron":68,"minecraft:purple_terracotta":2,"minecraft:tnt":1,"minecraft:arrow":6,"minecraft:rotten_flesh":1,"minecraft:stone_shovel":1,"minecraft:jungle_stairs":1,"minecraft:mutton":4,"minecraft:white_wool":3,"minecraft:cobblestone":59,"minecraft:oxeye_daisy":2,"minecraft:birch_log":61,"minecraft:lilac":1,"minecraft:andesite":4,"minecraft:leather":18,"minecraft:smoker":2,"minecraft:potato":70,"minecraft:flint":1,"minecraft:magenta_dye":8,"minecraft:oak_log":135,"minecraft:lapis_lazuli":23,"minecraft:dirt":85,"minecraft:bone":3,"minecraft:apple":2,"minecraft:wheat_seeds":4,"minecraft:raw_gold":1,"minecraft:iron_ingot":158,"minecraft:stone_pickaxe":1,"minecraft:moss_block":5,"minecraft:iron_sword":1,"minecraft:flowering_azalea":1,"minecraft:book":36,"minecraft:quartz":12,"minecraft:gravel":20,"minecraft:jungle_planks":2,"minecraft:spruce_sapling":9,"minecraft:spruce_log":71,"minecraft:diamond":12,"minecraft:stone_axe":1,"minecraft:spruce_boat":3,"minecraft:iron_helmet":2,"minecraft:bread":8,"minecraft:rooted_dirt":240,"minecraft:oak_sapling":6,"minecraft:coal":146,"minecraft:ender_pearl":2},"minecraft:killed_by":{"minecraft:player":1,"minecraft:pillager":1},"minecraft:dropped":{"minecraft:iron_ingot":128,"minecraft:moss_block":3,"minecraft:wheat_seeds":4,"minecraft:oak_log":2,"minecraft:ender_pearl":2,"minecraft:diamond":5,"minecraft:iron_helmet":2,"minecraft:cobblestone":24,"minecraft:rooted_dirt":240,"minecraft:coal":64,"minecraft:dirt":6,"minecraft:iron_leggings":1,"minecraft:flowering_azalea":1,"minecraft:bone":3,"minecraft:gravel":3,"minecraft:moss_carpet":4,"minecraft:cobbled_deepslate":2,"minecraft:rotten_flesh":1,"minecraft:clay_ball":48,"minecraft:ender_eye":1,"minecraft:potato":23,"minecraft:shield":1,"minecraft:iron_chestplate":2,"minecraft:andesite":4,"minecraft:azalea":3,"minecraft:oak_sapling":5,"minecraft:spruce_log":64,"minecraft:arrow":6,"minecraft:wooden_pickaxe":1},"minecraft:crafted":{"minecraft:oak_planks":12,"minecraft:stone_shovel":1,"comforts:sleeping_bag_white":1,"minecraft:furnace":1,"minecraft:diamond_shovel":1,"minecraft:flint_and_steel":1,"minecraft:iron_axe":1,"minecraft:iron_hoe":1,"minecraft:stone_pickaxe":1,"minecraft:chest":2,"minecraft:spruce_boat":2,"minecraft:diamond_axe":1,"minecraft:crafting_table":4,"minecraft:spruce_planks":368,"minecraft:wooden_pickaxe":1,"minecraft:iron_sword":1,"minecraft:bucket":1,"minecraft:stone_axe":1,"minecraft:shield":1,"minecraft:stick":44,"minecraft:iron_pickaxe":1,"minecraft:wooden_axe":1,"minecraft:stone_sword":1,"minecraft:iron_shovel":1},"minecraft:killed":{"minecraft:vindicator":2,"minecraft:skeleton":3,"minecraft:horse":5,"minecraft:iron_golem":1,"minecraft:sheep":3,"minecraft:pillager":3,"minecraft:zombie":1,"minecraft:cow":6},"minecraft:broken":{"minecraft:flint_and_steel":1,"minecraft:wooden_axe":1}},"DataVersion":3465}