{"stats":{"minecraft:picked_up":{"minecraft:birch_log":32,"minecraft:crafting_table":4,"minecraft:iron_chestplate":2,"minecraft:lilac":1,"minecraft:leather":18,"minecraft:smoker":2,"minecraft:flint":1,"minecraft:potato":47,"minecraft:magenta_dye":4,"minecraft:oak_log":71,"minecraft:crimson_planks":1,"minecraft:shield":1,"minecraft:dirt":1,"minecraft:iron_leggings":2,"minecraft:apple":1,"comforts:sleeping_bag_black":2,"minecraft:wheat_seeds":1,"comforts:sleeping_bag_white":2,"minecraft:spruce_planks":99,"minecraft:iron_ingot":158,"minecraft:beef":28,"minecraft:stone_pickaxe":1,"minecraft:ender_eye":1,"minecraft:spruce_slab":1,"minecraft:iron_sword":1,"minecraft:furnace":2,"minecraft:book":36,"minecraft:stick":6,"minecraft:raw_iron":4,"minecraft:quartz":12,"minecraft:gravel":20,"minecraft:jungle_planks":2,"minecraft:spruce_sapling":9,"minecraft:spruce_log":71,"minecraft:purple_terracotta":2,"minecraft:tnt":1,"minecraft:stone_shovel":1,"minecraft:diamond":10,"minecraft:spruce_boat":2,"minecraft:stone_axe":1,"minecraft:jungle_stairs":1,"minecraft:iron_helmet":2,"minecraft:bread":8,"minecraft:oak_sapling":4,"minecraft:mutton":4,"minecraft:coal":73,"minecraft:ender_pearl":2,"minecraft:white_wool":3,"minecraft:cobblestone":30,"minecraft:oxeye_daisy":2},"minecraft:killed_by":{"minecraft:player":1,"minecraft:pillager":1},"minecraft:crafted":{"minecraft:oak_planks":12,"minecraft:stone_shovel":1,"minecraft:diamond_axe":1,"minecraft:crafting_table":4,"minecraft:spruce_planks":368,"comforts:sleeping_bag_white":1,"minecraft:wooden_pickaxe":1,"minecraft:iron_sword":1,"minecraft:furnace":1,"minecraft:bucket":1,"minecraft:stone_axe":1,"minecraft:flint_and_steel":1,"minecraft:shield":1,"minecraft:iron_axe":1,"minecraft:iron_hoe":1,"minecraft:stick":44,"minecraft:chest":2,"minecraft:iron_pickaxe":1,"minecraft:stone_pickaxe":1,"minecraft:wooden_axe":1,"minecraft:iron_shovel":1,"minecraft:stone_sword":1,"minecraft:spruce_boat":1},"minecraft:broken":{"minecraft:wooden_axe":1,"minecraft:flint_and_steel":1},"minecraft:mined":{"minecraft:smoker":1,"minecraft:crafting_table":3,"minecraft:purple_terracotta":2,"minecraft:grass_block":1,"minecraft:jungle_planks":4,"minecraft:tall_grass":4,"minecraft:spruce_leaves":1,"minecraft:oxeye_daisy":2,"minecraft:large_fern":1,"minecraft:furnace":1,"minecraft:birch_log":32,"minecraft:iron_ore":2,"minecraft:fire":3,"minecraft:spruce_log":7,"minecraft:birch_leaves":3,"minecraft:azure_bluet":1,"minecraft:grass":17,"minecraft:bookshelf":6,"minecraft:oak_log":75,"minecraft:coal_ore":4,"minecraft:gravel":22,"minecraft:crimson_planks":2,"minecraft:stone":28,"minecraft:oak_leaves":7,"minecraft:spruce_slab":1},"minecraft:custom":{"minecraft:mob_kills":20,"minecraft:interact_with_crafting_table":12,"minecraft:open_barrel":6,"minecraft:leave_game":2,"minecraft:time_since_death":30744,"minecraft:sleep_in_bed":3,"minecraft:climb_one_cm":315,"minecraft:time_since_rest":2983,"minecraft:sprint_one_cm":139453,"minecraft:damage_taken":878,"minecraft:walk_one_cm":71130,"minecraft:damage_blocked_by_shield":355,"minecraft:drop":21,"minecraft:damage_dealt":3157,"minecraft:swim_one_cm":10755,"minecraft:talked_to_villager":1,"minecraft:fly_one_cm":483649,"minecraft:open_chest":15,"minecraft:crouch_one_cm":3473,"minecraft:play_time":62806,"minecraft:deaths":2,"minecraft:sneak_time":1890,"minecraft:walk_under_water_one_cm":14240,"minecraft:boat_one_cm":128719,"minecraft:jump":959,"minecraft:walk_on_water_one_cm":13560,"minecraft:total_world_time":62806,"minecraft:fall_one_cm":23897},"minecraft:used":{"minecraft:water_bucket":6,"simplyswords:iron_cutlass":2,"minecraft:stone_sword":10,"minecraft:iron_shovel":22,"minecraft:flint_and_steel":67,"comforts:sleeping_bag_black":2,"minecraft:spruce_slab":1,"minecraft:stone_pickaxe":20,"minecraft:chest":2,"minecraft:spruce_planks":19,"minecraft:wooden_pickaxe":3,"minecraft:shield":12,"minecraft:iron_sword":11,"minecraft:diamond_axe":110,"minecraft:iron_chestplate":1,"minecraft:dirt":1,"minecraft:mutton":4,"minecraft:tnt":1,"minecraft:crafting_table":6,"minecraft:jungle_planks":1,"minecraft:purple_terracotta":2,"minecraft:spruce_log":3,"minecraft:spruce_boat":3,"minecraft:oak_log":4,"minecraft:wooden_axe":41,"minecraft:oxeye_daisy":2,"minecraft:iron_axe":1,"minecraft:bread":10,"minecraft:iron_pickaxe":15,"minecraft:iron_helmet":1,"minecraft:lilac":1,"minecraft:crimson_planks":1,"minecraft:gravel":17,"minecraft:stone_axe":20,"minecraft:cobblestone":4,"minecraft:furnace":1,"minecraft:birch_log":3,"minecraft:bucket":7,"comforts:sleeping_bag_white":1},"minecraft:killed":{"minecraft:vindicator":2,"minecraft:iron_golem":1,"minecraft:horse":5,"minecraft:sheep":3,"minecraft:pillager":3,"minecraft:cow":6},"minecraft:dropped":{"minecraft:gravel":3,"minecraft:iron_ingot":128,"minecraft:wheat_seeds":1,"minecraft:oak_log":2,"minecraft:ender_pearl":2,"minecraft:diamond":5,"minecraft:iron_helmet":2,"minecraft:ender_eye":1,"minecraft:coal":64,"minecraft:potato":23,"minecraft:shield":1,"minecraft:iron_chestplate":2,"minecraft:oak_sapling":4,"minecraft:iron_leggings":1,"minecraft:spruce_log":64,"minecraft:wooden_pickaxe":1}},"DataVersion":3465}