{"stats":{"minecraft:crafted":{"minecraft:black_dye":2,"minecraft:oak_planks":236,"minecraft:cobblestone_stairs":108,"minecraft:diamond_shovel":1,"minecraft:cooked_mutton":4,"minecraft:bow":2,"minecraft:diamond_helmet":1,"minecraft:diamond_leggings":1,"minecraft:chest":3,"morebows:iron_bow":2,"minecraft:oak_fence":15,"minecraft:golden_boots":1,"sophisticatedbackpacks:backpack":1,"minecraft:diamond_axe":1,"minecraft:crafting_table":10,"minecraft:spruce_planks":368,"minecraft:wooden_pickaxe":1,"minecraft:baked_potato":23,"minecraft:spruce_door":6,"minecraft:birch_planks":216,"minecraft:spruce_trapdoor":8,"minecraft:diamond_pickaxe":1,"minecraft:shield":1,"minecraft:stick":52,"minecraft:iron_pickaxe":1,"minecraft:stone_sword":1,"minecraft:gold_ingot":26,"minecraft:birch_stairs":144,"minecraft:oak_door":6,"minecraft:coal":9,"minecraft:stone_shovel":1,"minecraft:iron_nugget":9,"comforts:sleeping_bag_white":1,"minecraft:furnace":1,"minecraft:flint_and_steel":2,"minecraft:spruce_stairs":24,"minecraft:iron_axe":1,"minecraft:iron_hoe":1,"simplyswords:diamond_warglaive":1,"minecraft:stone_pickaxe":1,"minecraft:diamond_boots":1,"minecraft:spruce_boat":3,"minecraft:wheat":162,"sophisticatedbackpacks:iron_backpack":1,"minecraft:cooked_beef":8,"minecraft:diamond_sword":1,"minecraft:iron_sword":1,"sophisticatedbackpacks:gold_backpack":2,"minecraft:bucket":3,"minecraft:stone_axe":1,"minecraft:bread":56,"minecraft:air":0,"minecraft:oak_boat":2,"morebows:ender_bow":1,"minecraft:wooden_axe":1,"minecraft:iron_shovel":1,"minecraft:torch":20,"minecraft:diamond_chestplate":1},"minecraft:picked_up":{"minecraft:iron_chestplate":3,"minecraft:oak_stairs":2,"minecraft:nether_brick":3,"minecraft:crimson_planks":1,"minecraft:string":36,"minecraft:iron_leggings":2,"minecraft:purple_banner":1,"comforts:sleeping_bag_black":13,"minecraft:red_sand":10,"minecraft:cobbled_deepslate":29,"minecraft:bucket":1,"comforts:sleeping_bag_white":2,"minecraft:spruce_planks":358,"minecraft:ender_eye":2,"minecraft:calcite":20,"minecraft:azalea":5,"minecraft:coal_block":1,"minecraft:furnace":6,"minecraft:stick":43,"minecraft:oak_fence":2,"minecraft:spruce_stairs":16,"minecraft:porkchop":18,"minecraft:rotten_flesh":22,"minecraft:obsidian":11,"minecraft:cobblestone":292,"minecraft:birch_log":86,"minecraft:magma_block":2,"minecraft:lilac":1,"minecraft:andesite":4,"minecraft:smoker":2,"minecraft:potato":93,"minecraft:magenta_dye":12,"minecraft:flint":2,"minecraft:lapis_lazuli":128,"minecraft:dirt":160,"minecraft:bone":18,"minecraft:wheat_seeds":7,"minecraft:raw_gold":34,"minecraft:glowstone_dust":2,"minecraft:bamboo":1,"minecraft:moss_block":9,"minecraft:oak_planks":37,"minecraft:axolotl_bucket":1,"minecraft:jungle_planks":3,"minecraft:sand":1,"minecraft:ink_sac":2,"minecraft:jungle_slab":1,"minecraft:spectral_arrow":31,"minecraft:diamond":44,"minecraft:spruce_boat":6,"minecraft:bread":8,"minecraft:rooted_dirt":240,"minecraft:oak_sapling":7,"minecraft:netherrack":10,"minecraft:crimson_roots":3,"minecraft:crafting_table":11,"minecraft:clay_ball":48,"minecraft:gold_block":1,"minecraft:shield":1,"minecraft:flint_and_steel":1,"minecraft:moss_carpet":13,"minecraft:iron_axe":2,"minecraft:iron_shovel":2,"minecraft:blackstone":18,"minecraft:beef":28,"minecraft:spruce_slab":9,"minecraft:sugar_cane":31,"minecraft:chest":4,"minecraft:spruce_trapdoor":2,"minecraft:raw_iron":208,"minecraft:copper_ingot":31,"minecraft:fire_charge":1,"minecraft:purple_terracotta":2,"minecraft:tnt":1,"minecraft:arrow":26,"minecraft:stone_shovel":1,"minecraft:decorated_pot":1,"minecraft:jungle_stairs":1,"minecraft:hay_block":18,"minecraft:gold_ingot":18,"minecraft:glow_berries":8,"minecraft:mutton":4,"minecraft:white_wool":3,"minecraft:oxeye_daisy":2,"minecraft:leather":20,"minecraft:crimson_fungus":2,"minecraft:oak_log":153,"minecraft:gunpowder":10,"minecraft:cobblestone_stairs":16,"minecraft:coast_armor_trim_smithing_template":2,"minecraft:apple":3,"minecraft:iron_ingot":276,"minecraft:stone_pickaxe":1,"minecraft:soul_sand":9,"minecraft:flowering_azalea":1,"minecraft:iron_sword":1,"minecraft:book":42,"minecraft:smooth_basalt":3,"minecraft:quartz":12,"minecraft:gravel":34,"minecraft:birch_stairs":78,"minecraft:spruce_sapling":9,"minecraft:spruce_log":71,"minecraft:spruce_door":1,"minecraft:spider_eye":6,"minecraft:stone_axe":1,"minecraft:iron_helmet":2,"minecraft:coal":212,"minecraft:ender_pearl":4},"minecraft:mined":{"minecraft:spruce_planks":42,"minecraft:oak_sapling":1,"minecraft:jungle_slab":2,"minecraft:cobblestone_stairs":12,"minecraft:obsidian":8,"minecraft:spruce_trapdoor":2,"minecraft:cave_vines_plant":1,"minecraft:red_sand":5,"minecraft:grass_block":80,"minecraft:coal_block":1,"minecraft:crimson_fungus":2,"minecraft:oxeye_daisy":2,"minecraft:tall_seagrass":2,"minecraft:magma_block":2,"minecraft:iron_ore":39,"minecraft:cobbled_deepslate":2,"minecraft:fire":3,"minecraft:deepslate_lapis_ore":7,"minecraft:azure_bluet":1,"minecraft:dirt_path":1,"minecraft:oak_stairs":2,"minecraft:azalea":2,"minecraft:spruce_slab":10,"minecraft:blackstone":2,"minecraft:smoker":1,"minecraft:crimson_nylium":3,"minecraft:clay":2,"minecraft:calcite":20,"minecraft:chest":4,"minecraft:cobblestone":3,"minecraft:sugar_cane":9,"minecraft:oak_planks":39,"minecraft:seagrass":3,"minecraft:nether_wart_block":1,"minecraft:birch_log":58,"minecraft:grass":36,"minecraft:oak_log":94,"minecraft:sand":2,"minecraft:dirt":1,"minecraft:crimson_planks":2,"minecraft:smooth_basalt":3,"minecraft:netherrack":7,"minecraft:oak_leaves":7,"minecraft:deepslate":19,"minecraft:suspicious_gravel":2,"minecraft:deepslate_diamond_ore":29,"minecraft:purple_terracotta":2,"minecraft:decorated_pot":1,"minecraft:jungle_planks":5,"minecraft:crimson_roots":3,"minecraft:spruce_leaves":1,"minecraft:moss_block":7,"minecraft:rooted_dirt":80,"minecraft:large_fern":1,"minecraft:hay_block":18,"minecraft:furnace":4,"minecraft:andesite":2,"minecraft:gold_block":1,"minecraft:bookshelf":6,"minecraft:deepslate_iron_ore":67,"minecraft:stone":266,"minecraft:birch_stairs":1,"minecraft:flowering_azalea":2,"minecraft:oak_fence":1,"minecraft:crafting_table":9,"minecraft:tall_grass":11,"minecraft:deepslate_coal_ore":3,"minecraft:lapis_ore":2,"minecraft:deepslate_gold_ore":17,"minecraft:spruce_stairs":12,"minecraft:spruce_log":7,"minecraft:birch_leaves":6,"minecraft:coal_ore":10,"minecraft:gravel":37,"minecraft:gold_ore":1},"minecraft:killed_by":{"minecraft:pillager":1,"minecraft:player":1},"minecraft:custom":{"minecraft:interact_with_crafting_table":57,"minecraft:open_barrel":19,"minecraft:leave_game":3,"minecraft:time_since_death":192934,"minecraft:sprint_one_cm":462425,"minecraft:damage_blocked_by_shield":3985,"minecraft:drop":150,"minecraft:talked_to_villager":2,"minecraft:play_time":224996,"minecraft:deaths":2,"minecraft:jump":3531,"minecraft:walk_on_water_one_cm":55784,"minecraft:interact_with_furnace":17,"minecraft:sleep_in_bed":14,"minecraft:damage_dealt":24015,"minecraft:crouch_one_cm":33407,"minecraft:inspect_dispenser":2,"minecraft:mob_kills":129,"minecraft:climb_one_cm":1650,"minecraft:walk_one_cm":397126,"minecraft:sneak_time":12255,"minecraft:walk_under_water_one_cm":61578,"minecraft:boat_one_cm":370023,"minecraft:total_world_time":224996,"minecraft:time_since_rest":8867,"minecraft:damage_taken":3420,"minecraft:swim_one_cm":181369,"minecraft:fly_one_cm":976214,"minecraft:open_chest":87,"minecraft:fall_one_cm":100374},"minecraft:dropped":{"minecraft:iron_sword":1,"minecraft:moss_block":3,"minecraft:soul_sand":9,"minecraft:oak_log":2,"minecraft:ender_pearl":2,"minecraft:diamond":5,"minecraft:rooted_dirt":240,"minecraft:jungle_planks":1,"minecraft:dirt":6,"minecraft:crimson_roots":2,"minecraft:iron_pickaxe":1,"minecraft:gold_ingot":18,"minecraft:bone":8,"minecraft:gravel":4,"minecraft:crimson_fungus":2,"minecraft:cobbled_deepslate":9,"minecraft:nether_brick":3,"minecraft:rotten_flesh":18,"minecraft:oak_planks":3,"minecraft:glowstone_dust":2,"minecraft:gunpowder":10,"minecraft:azalea":5,"minecraft:spruce_slab":6,"minecraft:arrow":21,"minecraft:netherrack":4,"minecraft:iron_ingot":128,"minecraft:wheat_seeds":6,"minecraft:oak_fence":2,"minecraft:iron_helmet":3,"minecraft:cobblestone":29,"minecraft:spruce_door":3,"minecraft:spruce_stairs":9,"minecraft:coal":75,"minecraft:jungle_slab":1,"minecraft:iron_leggings":2,"minecraft:oak_stairs":2,"minecraft:flowering_azalea":1,"minecraft:moss_carpet":6,"minecraft:clay_ball":48,"minecraft:ender_eye":1,"minecraft:potato":23,"minecraft:shield":1,"minecraft:spruce_planks":4,"minecraft:iron_chestplate":4,"minecraft:andesite":4,"minecraft:oak_sapling":6,"minecraft:spider_eye":2,"minecraft:spruce_log":64,"minecraft:wooden_pickaxe":1,"minecraft:calcite":10},"minecraft:killed":{"creeperoverhaul:beach_creeper":1,"minecraft:spider":19,"minecraft:skeleton":25,"minecraft:pig":3,"minecraft:iron_golem":1,"minecraft:creeper":7,"minecraft:sheep":3,"minecraft:pillager":9,"minecraft:zombie":37,"minecraft:cow":6,"minecraft:vindicator":2,"minecraft:horse":5,"minecraft:drowned":1,"minecraft:hoglin":4,"minecraft:squid":1},"minecraft:broken":{"minecraft:wooden_axe":1,"minecraft:flint_and_steel":1},"minecraft:used":{"minecraft:moss_block":6,"minecraft:moss_carpet":7,"minecraft:iron_shovel":22,"minecraft:spruce_slab":3,"minecraft:chest":6,"minecraft:decorated_pot":1,"minecraft:shield":157,"minecraft:iron_sword":44,"minecraft:rotten_flesh":4,"minecraft:iron_chestplate":1,"minecraft:mutton":4,"minecraft:jungle_planks":1,"minecraft:obsidian":10,"minecraft:spruce_boat":9,"minecraft:lava_bucket":2,"minecraft:iron_helmet":1,"minecraft:crimson_roots":1,"minecraft:magma_block":2,"minecraft:furnace":4,"minecraft:oak_sapling":1,"minecraft:diamond_boots":1,"minecraft:spruce_door":4,"minecraft:oak_planks":182,"minecraft:stone_pickaxe":20,"minecraft:blackstone":2,"minecraft:wooden_pickaxe":3,"minecraft:sugar_cane":11,"minecraft:diamond_axe":288,"morebows:ender_bow":5,"minecraft:glow_berries":20,"minecraft:sand":1,"simplyswords:diamond_warglaive":14,"minecraft:purple_terracotta":2,"minecraft:bread":58,"minecraft:gravel":30,"minecraft:lilac":1,"minecraft:fire_charge":1,"minecraft:diamond_sword":324,"minecraft:birch_log":3,"minecraft:oak_boat":2,"minecraft:cobweb":5,"minecraft:oak_fence":15,"simplyswords:iron_cutlass":2,"minecraft:stone_sword":10,"minecraft:flint_and_steel":68,"minecraft:spruce_planks":170,"minecraft:cooked_salmon":1,"minecraft:netherrack":6,"minecraft:oak_door":5,"minecraft:torch":20,"minecraft:dirt":4,"minecraft:spruce_stairs":19,"minecraft:diamond_helmet":1,"minecraft:purple_banner":1,"minecraft:iron_hoe":20,"minecraft:wooden_axe":41,"minecraft:iron_axe":1,"minecraft:crimson_planks":1,"minecraft:smooth_basalt":3,"comforts:sleeping_bag_white":1,"minecraft:cobbled_deepslate":20,"minecraft:calcite":10,"minecraft:water_bucket":32,"minecraft:cobblestone_stairs":118,"comforts:sleeping_bag_black":13,"minecraft:tnt":1,"minecraft:crafting_table":18,"minecraft:cod":2,"minecraft:spruce_log":3,"minecraft:oak_log":29,"minecraft:diamond_pickaxe":383,"minecraft:oxeye_daisy":2,"minecraft:diamond_shovel":186,"minecraft:iron_pickaxe":142,"minecraft:spruce_trapdoor":10,"minecraft:stone_axe":20,"minecraft:cobblestone":65,"minecraft:porkchop":6,"minecraft:bucket":36,"minecraft:diamond_leggings":1,"minecraft:birch_stairs":66}},"DataVersion":3465}