{"stats":{"minecraft:mined":{"minecraft:spruce_planks":27,"minecraft:oak_sapling":1,"minecraft:deepslate_diamond_ore":29,"minecraft:jungle_slab":2,"minecraft:obsidian":7,"minecraft:cave_vines_plant":1,"minecraft:red_sand":5,"minecraft:purple_terracotta":2,"minecraft:grass_block":80,"minecraft:decorated_pot":1,"minecraft:jungle_planks":5,"minecraft:spruce_leaves":1,"minecraft:moss_block":7,"minecraft:oxeye_daisy":2,"minecraft:rooted_dirt":80,"minecraft:hay_block":11,"minecraft:large_fern":1,"minecraft:magma_block":2,"minecraft:furnace":3,"minecraft:iron_ore":39,"minecraft:cobbled_deepslate":2,"minecraft:fire":3,"minecraft:andesite":2,"minecraft:deepslate_lapis_ore":7,"minecraft:gold_block":1,"minecraft:azure_bluet":1,"minecraft:oak_stairs":2,"minecraft:bookshelf":6,"minecraft:deepslate_iron_ore":67,"minecraft:dirt_path":1,"minecraft:azalea":2,"minecraft:stone":55,"minecraft:spruce_slab":10,"minecraft:flowering_azalea":2,"minecraft:blackstone":2,"minecraft:smoker":1,"minecraft:clay":2,"minecraft:crafting_table":8,"minecraft:calcite":20,"minecraft:chest":2,"minecraft:tall_grass":11,"minecraft:deepslate_coal_ore":3,"minecraft:deepslate_gold_ore":17,"minecraft:lapis_ore":2,"minecraft:oak_planks":1,"minecraft:sugar_cane":5,"minecraft:spruce_stairs":11,"minecraft:seagrass":2,"minecraft:birch_log":32,"minecraft:spruce_log":7,"minecraft:birch_leaves":3,"minecraft:grass":29,"minecraft:oak_log":77,"minecraft:coal_ore":10,"minecraft:gravel":23,"minecraft:dirt":1,"minecraft:crimson_planks":2,"minecraft:smooth_basalt":3,"minecraft:netherrack":2,"minecraft:gold_ore":1,"minecraft:oak_leaves":7,"minecraft:deepslate":19,"minecraft:suspicious_gravel":2},"minecraft:used":{"minecraft:moss_block":6,"minecraft:moss_carpet":7,"simplyswords:iron_cutlass":2,"minecraft:stone_sword":10,"minecraft:iron_shovel":22,"minecraft:flint_and_steel":67,"minecraft:spruce_slab":3,"minecraft:decorated_pot":1,"minecraft:spruce_planks":23,"minecraft:chest":4,"minecraft:shield":68,"minecraft:iron_sword":44,"minecraft:rotten_flesh":4,"minecraft:iron_chestplate":1,"minecraft:dirt":4,"minecraft:mutton":4,"minecraft:jungle_planks":1,"minecraft:diamond_helmet":1,"minecraft:iron_hoe":12,"minecraft:spruce_boat":9,"minecraft:wooden_axe":41,"minecraft:iron_axe":1,"minecraft:iron_helmet":1,"minecraft:crimson_planks":1,"minecraft:smooth_basalt":3,"minecraft:magma_block":2,"minecraft:furnace":2,"minecraft:oak_sapling":1,"comforts:sleeping_bag_white":1,"minecraft:cobbled_deepslate":20,"minecraft:calcite":10,"minecraft:water_bucket":7,"minecraft:diamond_boots":1,"minecraft:spruce_door":4,"comforts:sleeping_bag_black":8,"minecraft:stone_pickaxe":20,"minecraft:blackstone":2,"minecraft:wooden_pickaxe":3,"minecraft:diamond_axe":181,"minecraft:sugar_cane":3,"minecraft:glow_berries":20,"minecraft:tnt":1,"minecraft:crafting_table":15,"minecraft:purple_terracotta":2,"minecraft:spruce_log":3,"minecraft:oak_log":4,"minecraft:diamond_pickaxe":142,"minecraft:diamond_shovel":168,"minecraft:oxeye_daisy":2,"minecraft:bread":29,"minecraft:iron_pickaxe":142,"minecraft:gravel":17,"minecraft:lilac":1,"minecraft:stone_axe":20,"minecraft:diamond_sword":133,"minecraft:cobblestone":16,"minecraft:porkchop":6,"minecraft:birch_log":3,"minecraft:bucket":10,"minecraft:diamond_leggings":1},"minecraft:custom":{"minecraft:mob_kills":68,"minecraft:interact_with_crafting_table":26,"minecraft:open_barrel":6,"minecraft:leave_game":2,"minecraft:time_since_death":113965,"minecraft:climb_one_cm":568,"minecraft:sprint_one_cm":288202,"minecraft:walk_one_cm":178132,"minecraft:damage_blocked_by_shield":1850,"minecraft:drop":102,"minecraft:talked_to_villager":2,"minecraft:play_time":146027,"minecraft:deaths":2,"minecraft:sneak_time":5446,"minecraft:walk_under_water_one_cm":40233,"minecraft:boat_one_cm":346410,"minecraft:jump":2600,"minecraft:walk_on_water_one_cm":39966,"minecraft:total_world_time":146027,"minecraft:interact_with_furnace":1,"minecraft:sleep_in_bed":9,"minecraft:time_since_rest":4775,"minecraft:damage_taken":1932,"minecraft:damage_dealt":12031,"minecraft:swim_one_cm":114812,"minecraft:fly_one_cm":785804,"minecraft:open_chest":38,"minecraft:crouch_one_cm":7634,"minecraft:fall_one_cm":74112},"minecraft:picked_up":{"minecraft:crafting_table":9,"minecraft:iron_chestplate":3,"minecraft:clay_ball":48,"minecraft:oak_stairs":2,"minecraft:gold_block":1,"minecraft:crimson_planks":1,"minecraft:shield":1,"minecraft:string":3,"minecraft:moss_carpet":13,"minecraft:iron_axe":1,"minecraft:iron_leggings":2,"minecraft:iron_shovel":1,"minecraft:blackstone":2,"comforts:sleeping_bag_black":8,"minecraft:red_sand":5,"minecraft:cobbled_deepslate":29,"comforts:sleeping_bag_white":2,"minecraft:spruce_planks":344,"minecraft:beef":28,"minecraft:calcite":20,"minecraft:ender_eye":1,"minecraft:azalea":5,"minecraft:spruce_slab":9,"minecraft:sugar_cane":13,"minecraft:chest":2,"minecraft:furnace":4,"minecraft:stick":27,"minecraft:raw_iron":106,"minecraft:spruce_stairs":9,"minecraft:porkchop":6,"minecraft:purple_terracotta":2,"minecraft:tnt":1,"minecraft:arrow":15,"minecraft:rotten_flesh":17,"minecraft:stone_shovel":1,"minecraft:decorated_pot":1,"minecraft:jungle_stairs":1,"minecraft:hay_block":11,"minecraft:obsidian":7,"minecraft:glow_berries":8,"minecraft:mutton":4,"minecraft:white_wool":3,"minecraft:cobblestone":76,"minecraft:oxeye_daisy":2,"minecraft:birch_log":61,"minecraft:magma_block":2,"minecraft:lilac":1,"minecraft:andesite":4,"minecraft:leather":18,"minecraft:smoker":2,"minecraft:potato":70,"minecraft:flint":1,"minecraft:magenta_dye":8,"minecraft:oak_log":136,"minecraft:gunpowder":1,"minecraft:lapis_lazuli":64,"minecraft:dirt":85,"minecraft:bone":7,"minecraft:apple":2,"minecraft:wheat_seeds":6,"minecraft:raw_gold":17,"minecraft:iron_ingot":158,"minecraft:stone_pickaxe":1,"minecraft:glowstone_dust":2,"minecraft:moss_block":9,"minecraft:iron_sword":1,"minecraft:flowering_azalea":1,"minecraft:book":36,"minecraft:smooth_basalt":3,"minecraft:quartz":12,"minecraft:gravel":21,"minecraft:jungle_planks":3,"minecraft:spruce_sapling":9,"minecraft:spruce_log":71,"minecraft:spruce_door":1,"minecraft:jungle_slab":1,"minecraft:spider_eye":3,"minecraft:diamond":40,"minecraft:stone_axe":1,"minecraft:spruce_boat":6,"minecraft:iron_helmet":2,"minecraft:bread":8,"minecraft:rooted_dirt":240,"minecraft:oak_sapling":6,"minecraft:netherrack":2,"minecraft:coal":146,"minecraft:ender_pearl":2},"minecraft:killed_by":{"minecraft:player":1,"minecraft:pillager":1},"minecraft:dropped":{"minecraft:iron_ingot":128,"minecraft:iron_sword":1,"minecraft:moss_block":3,"minecraft:wheat_seeds":6,"minecraft:oak_log":2,"minecraft:ender_pearl":2,"minecraft:diamond":5,"minecraft:iron_helmet":3,"minecraft:cobblestone":29,"minecraft:rooted_dirt":240,"minecraft:jungle_planks":1,"minecraft:spruce_door":3,"minecraft:spruce_stairs":9,"minecraft:coal":64,"minecraft:jungle_slab":1,"minecraft:dirt":6,"minecraft:oak_stairs":2,"minecraft:iron_leggings":2,"minecraft:flowering_azalea":1,"minecraft:iron_pickaxe":1,"minecraft:bone":5,"minecraft:gravel":4,"minecraft:moss_carpet":6,"minecraft:cobbled_deepslate":9,"minecraft:rotten_flesh":13,"minecraft:clay_ball":48,"minecraft:glowstone_dust":2,"minecraft:ender_eye":1,"minecraft:potato":23,"minecraft:shield":1,"minecraft:gunpowder":1,"minecraft:spruce_planks":2,"minecraft:iron_chestplate":4,"minecraft:andesite":4,"minecraft:azalea":5,"minecraft:oak_sapling":5,"minecraft:spider_eye":1,"minecraft:spruce_slab":6,"minecraft:spruce_log":64,"minecraft:arrow":15,"minecraft:wooden_pickaxe":1,"minecraft:calcite":10,"minecraft:netherrack":2},"minecraft:crafted":{"minecraft:oak_planks":16,"minecraft:stone_shovel":1,"comforts:sleeping_bag_white":1,"minecraft:furnace":1,"minecraft:diamond_shovel":1,"minecraft:flint_and_steel":1,"minecraft:diamond_helmet":1,"minecraft:diamond_leggings":1,"minecraft:iron_axe":1,"minecraft:iron_hoe":1,"minecraft:stone_pickaxe":1,"minecraft:chest":2,"minecraft:diamond_boots":1,"minecraft:spruce_boat":3,"minecraft:wheat":99,"minecraft:diamond_sword":1,"minecraft:diamond_axe":1,"minecraft:crafting_table":9,"minecraft:spruce_planks":368,"minecraft:wooden_pickaxe":1,"minecraft:iron_sword":1,"minecraft:spruce_door":6,"minecraft:bucket":3,"minecraft:stone_axe":1,"minecraft:bread":33,"minecraft:diamond_pickaxe":1,"minecraft:shield":1,"minecraft:stick":52,"minecraft:iron_pickaxe":1,"minecraft:wooden_axe":1,"minecraft:stone_sword":1,"minecraft:iron_shovel":1,"minecraft:gold_ingot":9,"minecraft:diamond_chestplate":1},"minecraft:killed":{"minecraft:spider":10,"minecraft:vindicator":2,"minecraft:skeleton":10,"minecraft:horse":5,"minecraft:pig":3,"minecraft:iron_golem":1,"minecraft:creeper":1,"minecraft:sheep":3,"minecraft:pillager":3,"minecraft:zombie":21,"minecraft:cow":6},"minecraft:broken":{"minecraft:flint_and_steel":1,"minecraft:wooden_axe":1}},"DataVersion":3465}