{"stats":{"minecraft:crafted":{"minecraft:black_dye":1,"minecraft:oak_planks":632,"minecraft:diamond_helmet":1,"minecraft:diamond_leggings":1,"minecraft:magenta_dye":6,"minecraft:oak_slab":24,"minecraft:crafting_table":1,"minecraft:wooden_pickaxe":1,"minecraft:gold_block":2,"minecraft:lectern":3,"minecraft:shield":1,"sophisticatedbackpacks:diamond_backpack":3,"minecraft:stick":8,"minecraft:iron_pickaxe":1,"minecraft:gold_ingot":16,"minecraft:light_gray_dye":3,"minecraft:bone_meal":135,"minecraft:oak_trapdoor":4,"minecraft:iron_axe":1,"minecraft:wheat":180,"minecraft:enchanted_book":4,"minecraft:bread":60,"minecraft:air":0,"minecraft:oak_boat":2,"minecraft:wooden_axe":1},"minecraft:picked_up":{"minecraft:wooden_axe":1,"minecraft:seagrass":2,"minecraft:iron_chestplate":2,"minecraft:nether_brick_fence":1,"minecraft:anvil":1,"minecraft:prismarine_shard":2,"minecraft:smithing_table":2,"minecraft:lead":2,"minecraft:oak_stairs":2,"minecraft:enchanted_book":8,"minecraft:brewing_stand":1,"minecraft:string":48,"minecraft:soul_soil":8,"minecraft:raw_copper":43,"minecraft:iron_leggings":1,"minecraft:purple_banner":2,"minecraft:experience_bottle":1,"comforts:sleeping_bag_black":14,"minecraft:diamond_leggings":1,"minecraft:cobbled_deepslate":14,"comforts:sleeping_bag_white":9,"minecraft:smooth_quartz":25,"hangglider:hang_glider":1,"minecraft:iron_boots":1,"minecraft:tipped_arrow":1,"minecraft:stick":2,"minecraft:composter":4,"minecraft:oak_fence":1,"minecraft:torch":8,"deeperdarker:heart_of_the_deep":2,"minecraft:diorite":1,"simplyswords:netherite_scythe":1,"minecraft:cauldron":4,"minecraft:black_dye":1,"minecraft:rotten_flesh":47,"minecraft:obsidian":13,"minecraft:cobblestone":121,"minecraft:magma_block":1,"minecraft:lilac":2,"minecraft:water_bucket":1,"minecraft:andesite":11,"minecraft:smoker":1,"minecraft:potato":38,"minecraft:flint":3,"minecraft:lapis_lazuli":63,"minecraft:dirt":1416,"minecraft:lantern":14,"minecraft:leather_boots":1,"minecraft:bone":23,"minecraft:bow":2,"minecraft:wheat_seeds":106,"minecraft:raw_gold":43,"minecraft:bell":11,"minecraft:grindstone":1,"minecraft:diamond_helmet":1,"minecraft:oak_planks":128,"minecraft:poisonous_potato":1,"minecraft:sand":2,"minecraft:ink_sac":1,"minecraft:grass_block":1,"minecraft:mossy_cobblestone":2,"minecraft:iron_hoe":1,"minecraft:diamond":52,"minecraft:cracked_polished_blackstone_bricks":2,"minecraft:emerald":404,"minecraft:oak_sapling":7,"minecraft:netherrack":339,"minecraft:crimson_roots":3,"minecraft:diamond_pickaxe":4,"sophisticatedbackpacks:gold_backpack":1,"minecraft:crafting_table":9,"minecraft:allium":2,"minecraft:azure_bluet":3,"minecraft:leather_leggings":1,"simplyswords:diamond_katana":1,"minecraft:brown_mushroom":1,"minecraft:gold_block":14,"minecraft:shield":1,"minecraft:oak_trapdoor":6,"minecraft:iron_axe":1,"minecraft:flint_and_steel":1,"minecraft:mycelium":1,"minecraft:iron_shovel":1,"deeperdarker:warden_carapace":6,"minecraft:cartography_table":1,"minecraft:beef":14,"minecraft:oak_boat":3,"minecraft:poppy":12,"minecraft:lectern":225,"minecraft:raw_iron":164,"minecraft:oak_door":1,"minecraft:polished_blackstone_bricks":6,"minecraft:carrot":2,"minecraft:redstone":134,"minecraft:tnt":3,"minecraft:arrow":35,"minecraft:diamond_chestplate":3,"minecraft:beetroot_seeds":1,"minecraft:nether_bricks":1,"minecraft:diamond_boots":3,"minecraft:hay_block":20,"minecraft:gold_ingot":21,"minecraft:glow_berries":2,"minecraft:oxeye_daisy":2,"minecraft:stripped_oak_log":21,"simplyswords:iron_katana":1,"minecraft:golden_carrot":55,"minecraft:glow_ink_sac":5,"minecraft:leather":15,"minecraft:oak_log":142,"minecraft:golden_boots":1,"minecraft:yellow_bed":2,"minecraft:gunpowder":9,"sophisticatedbackpacks:upgrade_base":2,"minecraft:apple":1,"minecraft:stone_bricks":2,"minecraft:spruce_wood":6,"minecraft:iron_ingot":81,"minecraft:soul_sand":19,"minecraft:book":22,"minecraft:sculk_catalyst":2,"minecraft:quartz":17,"minecraft:dandelion":1,"minecraft:gravel":9,"minecraft:blast_furnace":2,"minecraft:white_bed":17,"minecraft:spider_eye":15,"minecraft:leather_helmet":3,"simplyswords:diamond_greathammer":2,"minecraft:diamond_shovel":1,"minecraft:chainmail_leggings":1,"minecraft:diamond_axe":1,"minecraft:damaged_anvil":1,"minecraft:coal":55,"minecraft:ender_pearl":2},"minecraft:mined":{"minecraft:white_bed":17,"minecraft:oak_sapling":1,"minecraft:obsidian":11,"minecraft:cave_vines_plant":1,"minecraft:grass_block":636,"minecraft:cracked_polished_blackstone_bricks":2,"minecraft:soul_soil":3,"minecraft:composter":4,"comforts:sleeping_bag_black":1,"minecraft:oxeye_daisy":2,"minecraft:polished_blackstone_bricks":6,"minecraft:iron_ore":77,"minecraft:fire":2,"minecraft:anvil":1,"minecraft:azure_bluet":3,"minecraft:water_cauldron":4,"minecraft:oak_stairs":1,"minecraft:blackstone":2,"minecraft:smoker":2,"minecraft:crimson_nylium":1,"minecraft:soul_fire":4,"minecraft:blast_furnace":1,"minecraft:poppy":3,"minecraft:nether_quartz_ore":12,"minecraft:cobblestone":21,"minecraft:grindstone":1,"minecraft:oak_planks":124,"minecraft:damaged_anvil":1,"minecraft:seagrass":1,"minecraft:lilac":2,"minecraft:grass":117,"minecraft:oak_log":140,"minecraft:beetroots":1,"minecraft:dirt":291,"minecraft:smooth_quartz":22,"minecraft:netherrack":414,"minecraft:oak_leaves":25,"minecraft:deepslate":12,"minecraft:nether_gold_ore":9,"minecraft:mossy_cobblestone":1,"minecraft:oak_door":1,"minecraft:nether_bricks":3,"minecraft:allium":2,"minecraft:crimson_roots":3,"minecraft:weeping_vines":1,"minecraft:cartography_table":1,"minecraft:large_fern":2,"minecraft:hay_block":20,"minecraft:redstone_ore":21,"minecraft:oak_trapdoor":6,"minecraft:gold_block":16,"minecraft:bell":11,"minecraft:nether_brick_fence":1,"minecraft:bookshelf":6,"minecraft:potatoes":10,"minecraft:deepslate_iron_ore":26,"minecraft:stripped_oak_log":21,"minecraft:stone":96,"minecraft:bone_block":6,"minecraft:soul_sand":22,"minecraft:oak_fence":1,"minecraft:crafting_table":9,"minecraft:warped_roots":2,"minecraft:lectern":220,"minecraft:tall_grass":126,"minecraft:copper_ore":4,"minecraft:lapis_ore":4,"minecraft:deepslate_gold_ore":2,"minecraft:diorite":1,"minecraft:yellow_bed":2,"minecraft:coal_ore":3,"minecraft:gravel":11,"minecraft:cobweb":13,"minecraft:stone_bricks":2,"minecraft:gold_ore":15,"minecraft:fern":1},"minecraft:killed_by":{"minecraft:zombie":1},"minecraft:custom":{"minecraft:interact_with_crafting_table":25,"minecraft:open_barrel":74,"minecraft:bell_ring":63,"minecraft:leave_game":15,"minecraft:time_since_death":367474,"minecraft:sprint_one_cm":607553,"minecraft:damage_blocked_by_shield":700,"minecraft:drop":235,"minecraft:talked_to_villager":246,"minecraft:play_time":487375,"minecraft:deaths":1,"minecraft:jump":6725,"minecraft:walk_on_water_one_cm":40027,"minecraft:traded_with_villager":4,"minecraft:sleep_in_bed":27,"minecraft:damage_dealt":60328,"minecraft:crouch_one_cm":49405,"minecraft:horse_one_cm":2329,"minecraft:interact_with_smithing_table":6,"minecraft:mob_kills":214,"minecraft:interact_with_anvil":11,"minecraft:climb_one_cm":5858,"minecraft:walk_one_cm":848874,"minecraft:sneak_time":13618,"minecraft:walk_under_water_one_cm":53429,"minecraft:boat_one_cm":228349,"minecraft:interact_with_blast_furnace":9,"minecraft:total_world_time":487375,"minecraft:interact_with_grindstone":1,"minecraft:time_since_rest":12815,"minecraft:damage_taken":4755,"minecraft:swim_one_cm":53932,"minecraft:fly_one_cm":1422991,"minecraft:open_chest":62,"minecraft:fall_one_cm":162758},"minecraft:dropped":{"sophisticatedbackpacks:upgrade_base":1,"minecraft:diamond_axe":1,"minecraft:diamond":10,"minecraft:glow_berries":1,"minecraft:lantern":24,"minecraft:leather":3,"minecraft:leather_helmet":1,"minecraft:flint":10,"minecraft:emerald":926,"minecraft:dirt":2,"minecraft:stone_button":11,"minecraft:crimson_roots":3,"minecraft:seagrass":2,"minecraft:gold_nugget":1,"minecraft:polished_blackstone_bricks":6,"minecraft:gravel":8,"minecraft:rotten_flesh":9,"minecraft:oak_planks":232,"minecraft:leather_boots":1,"simplyswords:diamond_greathammer":2,"comforts:sleeping_bag_white":5,"minecraft:beef":6,"comforts:sleeping_bag_black":1,"minecraft:netherrack":61,"minecraft:lectern":9,"minecraft:enchanted_book":5,"minecraft:golden_boots":1,"minecraft:iron_ingot":3,"minecraft:bread":256,"minecraft:oak_slab":12,"minecraft:wheat_seeds":8,"minecraft:smithing_table":1,"minecraft:diamond_leggings":1,"minecraft:oak_fence":1,"minecraft:book":14,"minecraft:golden_carrot":31,"minecraft:wooden_axe":1,"minecraft:diamond_helmet":1,"minecraft:iron_leggings":1,"minecraft:iron_axe":1,"minecraft:iron_shovel":2,"simplyswords:netherite_scythe":1,"minecraft:soul_soil":8,"minecraft:raw_iron":34,"minecraft:diamond_chestplate":1,"minecraft:diamond_pickaxe":3,"minecraft:diamond_boots":1,"minecraft:magenta_dye":4,"minecraft:bell":1},"minecraft:killed":{"minecraft:cave_spider":1,"creeperoverhaul:beach_creeper":2,"minecraft:spider":37,"minecraft:skeleton":31,"minecraft:piglin_brute":2,"minecraft:piglin":8,"minecraft:zombie_villager":2,"minecraft:iron_golem":9,"minecraft:creeper":11,"minecraft:trader_llama":2,"minecraft:pillager":20,"minecraft:zombie":48,"minecraft:stray":2,"minecraft:glow_squid":3,"minecraft:cow":7,"minecraft:vindicator":14,"minecraft:horse":2,"minecraft:warden":2,"minecraft:hoglin":1,"minecraft:villager":1,"minecraft:enderman":2},"minecraft:broken":{"minecraft:iron_pickaxe":1},"minecraft:used":{"minecraft:nether_brick_fence":1,"minecraft:iron_shovel":173,"minecraft:poppy":3,"minecraft:chest":11,"minecraft:shield":31,"minecraft:iron_sword":100,"minecraft:bell":9,"minecraft:obsidian":35,"minecraft:grass_block":1,"minecraft:stone_bricks":2,"minecraft:oak_sapling":7,"minecraft:potato":38,"minecraft:oak_planks":552,"minecraft:diamond_axe":574,"minecraft:bread":11,"minecraft:lectern":219,"minecraft:grindstone":1,"minecraft:smithing_table":1,"minecraft:oak_boat":4,"minecraft:bone_meal":95,"minecraft:cobweb":3,"minecraft:oak_trapdoor":9,"minecraft:flint_and_steel":5,"minecraft:netherrack":101,"minecraft:dirt":512,"minecraft:anvil":2,"simplyswords:iron_katana":179,"minecraft:diamond_helmet":1,"minecraft:oak_fence_gate":1,"minecraft:purple_banner":1,"minecraft:wooden_axe":60,"minecraft:bookshelf":2,"minecraft:iron_axe":114,"minecraft:oak_stairs":1,"simplyswords:diamond_greathammer":2,"minecraft:smooth_quartz":4,"minecraft:golden_carrot":59,"comforts:sleeping_bag_white":5,"minecraft:water_bucket":45,"simplyswords:diamond_katana":509,"comforts:sleeping_bag_black":15,"minecraft:crafting_table":8,"minecraft:white_bed":22,"minecraft:oak_log":6,"minecraft:diamond_pickaxe":596,"minecraft:diamond_shovel":805,"minecraft:iron_pickaxe":249,"minecraft:cobblestone":15,"minecraft:bucket":45,"minecraft:yellow_bed":2,"minecraft:stripped_oak_log":5,"minecraft:dandelion":1}},"DataVersion":3465}