{"stats":{"minecraft:killed":{"minecraft:warden":2},"minecraft:custom":{"minecraft:jump":6,"minecraft:time_since_rest":71497,"minecraft:damage_dealt":10000,"minecraft:crouch_one_cm":26,"minecraft:sprint_one_cm":914,"minecraft:leave_game":6,"minecraft:play_time":71497,"minecraft:time_since_death":71497,"minecraft:walk_one_cm":4813,"minecraft:sneak_time":370,"minecraft:total_world_time":71497,"minecraft:mob_kills":2,"minecraft:fly_one_cm":51465},"minecraft:picked_up":{"minecraft:sculk_catalyst":2,"deeperdarker:warden_carapace":6,"deeperdarker:heart_of_the_deep":2}},"DataVersion":3465}