{"stats":{"minecraft:mined":{"minecraft:white_bed":6,"minecraft:crafting_table":7,"minecraft:allium":2,"minecraft:grass_block":18,"minecraft:poppy":1,"minecraft:lectern":103,"minecraft:tall_grass":79,"minecraft:composter":1,"minecraft:oak_planks":55,"minecraft:oxeye_daisy":1,"minecraft:hay_block":20,"minecraft:oak_trapdoor":6,"minecraft:lilac":2,"minecraft:azure_bluet":3,"minecraft:bell":3,"minecraft:grass":47,"minecraft:bookshelf":2,"minecraft:oak_log":65,"minecraft:beetroots":1,"minecraft:dirt":1,"minecraft:stripped_oak_log":21,"minecraft:cobweb":2,"minecraft:oak_leaves":1,"minecraft:fern":1},"minecraft:used":{"minecraft:oak_trapdoor":9,"minecraft:water_bucket":17,"minecraft:iron_shovel":19,"minecraft:poppy":3,"minecraft:oak_planks":195,"minecraft:chest":4,"minecraft:shield":11,"minecraft:iron_sword":85,"minecraft:bell":3,"minecraft:diamond_axe":261,"minecraft:dirt":10,"minecraft:crafting_table":7,"minecraft:white_bed":12,"minecraft:oak_fence_gate":1,"minecraft:purple_banner":1,"minecraft:wooden_axe":60,"minecraft:bookshelf":2,"minecraft:grass_block":1,"minecraft:iron_axe":114,"minecraft:bread":11,"minecraft:iron_pickaxe":4,"minecraft:lectern":106,"minecraft:golden_carrot":10,"minecraft:bucket":17,"minecraft:oak_boat":1,"comforts:sleeping_bag_white":3,"minecraft:stripped_oak_log":5,"minecraft:cobweb":3},"minecraft:custom":{"minecraft:mob_kills":48,"minecraft:traded_with_villager":2,"minecraft:interact_with_crafting_table":12,"minecraft:open_barrel":21,"minecraft:bell_ring":12,"minecraft:leave_game":9,"minecraft:time_since_death":92409,"minecraft:sleep_in_bed":7,"minecraft:climb_one_cm":432,"minecraft:time_since_rest":7644,"minecraft:sprint_one_cm":122062,"minecraft:damage_taken":1525,"minecraft:walk_one_cm":232031,"minecraft:damage_blocked_by_shield":235,"minecraft:drop":20,"minecraft:damage_dealt":24851,"minecraft:swim_one_cm":25391,"minecraft:talked_to_villager":125,"minecraft:fly_one_cm":446480,"minecraft:open_chest":7,"minecraft:crouch_one_cm":5293,"minecraft:play_time":212310,"minecraft:deaths":1,"minecraft:sneak_time":2689,"minecraft:walk_under_water_one_cm":12319,"minecraft:boat_one_cm":55080,"minecraft:jump":1759,"minecraft:walk_on_water_one_cm":18244,"minecraft:total_world_time":212310,"minecraft:fall_one_cm":39383,"minecraft:horse_one_cm":2329},"minecraft:picked_up":{"minecraft:stripped_oak_log":21,"minecraft:seagrass":2,"minecraft:crafting_table":7,"minecraft:allium":2,"minecraft:azure_bluet":3,"minecraft:lilac":2,"minecraft:leather":6,"minecraft:lead":2,"minecraft:flint":3,"minecraft:oak_log":64,"minecraft:gunpowder":4,"minecraft:oak_trapdoor":6,"minecraft:dirt":19,"minecraft:string":7,"minecraft:purple_banner":2,"minecraft:bone":1,"deeperdarker:warden_carapace":6,"minecraft:wheat_seeds":16,"minecraft:bell":3,"comforts:sleeping_bag_white":3,"minecraft:spruce_wood":6,"minecraft:iron_ingot":20,"minecraft:beef":4,"minecraft:oak_boat":1,"minecraft:lectern":103,"minecraft:poppy":4,"minecraft:oak_planks":55,"minecraft:book":6,"minecraft:sculk_catalyst":2,"minecraft:composter":1,"deeperdarker:heart_of_the_deep":2,"minecraft:sand":2,"minecraft:white_bed":6,"minecraft:grass_block":1,"minecraft:redstone":7,"minecraft:tnt":3,"minecraft:arrow":2,"minecraft:rotten_flesh":8,"minecraft:beetroot_seeds":1,"minecraft:hay_block":20,"minecraft:emerald":1,"minecraft:ender_pearl":1,"minecraft:oxeye_daisy":1},"minecraft:killed_by":{"minecraft:zombie":1},"minecraft:dropped":{"minecraft:bread":128,"minecraft:wheat_seeds":6,"minecraft:rotten_flesh":6,"minecraft:golden_carrot":7,"minecraft:seagrass":2,"comforts:sleeping_bag_white":1,"minecraft:magenta_dye":4,"minecraft:beef":4},"minecraft:crafted":{"minecraft:oak_slab":24,"minecraft:oak_planks":320,"minecraft:crafting_table":1,"minecraft:wooden_pickaxe":1,"minecraft:enchanted_book":2,"minecraft:bread":60,"minecraft:oak_trapdoor":4,"minecraft:oak_boat":1,"minecraft:lectern":3,"minecraft:shield":1,"minecraft:iron_axe":1,"minecraft:stick":8,"minecraft:iron_pickaxe":1,"minecraft:wooden_axe":1,"minecraft:light_gray_dye":3,"minecraft:magenta_dye":6,"minecraft:wheat":180},"minecraft:killed":{"creeperoverhaul:beach_creeper":1,"minecraft:vindicator":8,"minecraft:spider":3,"minecraft:iron_golem":6,"minecraft:creeper":1,"minecraft:skeleton":1,"minecraft:trader_llama":2,"minecraft:pillager":12,"minecraft:zombie":7,"minecraft:warden":2,"minecraft:enderman":1,"minecraft:cow":3}},"DataVersion":3465}