{"stats":{"minecraft:mined":{"minecraft:white_bed":16,"minecraft:cave_vines_plant":1,"minecraft:allium":2,"minecraft:grass_block":125,"minecraft:crimson_roots":3,"minecraft:weeping_vines":1,"minecraft:soul_soil":2,"minecraft:composter":1,"minecraft:oxeye_daisy":1,"minecraft:hay_block":20,"minecraft:oak_trapdoor":6,"minecraft:anvil":1,"minecraft:azure_bluet":3,"minecraft:gold_block":1,"minecraft:bell":3,"minecraft:bookshelf":2,"minecraft:stripped_oak_log":21,"minecraft:smoker":1,"minecraft:crimson_nylium":1,"minecraft:crafting_table":8,"minecraft:blast_furnace":1,"minecraft:poppy":3,"minecraft:lectern":111,"minecraft:tall_grass":84,"minecraft:oak_planks":59,"minecraft:lilac":2,"minecraft:grass":57,"minecraft:oak_log":65,"minecraft:beetroots":1,"minecraft:gravel":11,"minecraft:dirt":8,"minecraft:cobweb":2,"minecraft:netherrack":15,"minecraft:deepslate":10,"minecraft:oak_leaves":1,"minecraft:fern":1},"minecraft:used":{"minecraft:oak_trapdoor":9,"minecraft:iron_shovel":151,"minecraft:flint_and_steel":2,"minecraft:poppy":3,"minecraft:chest":4,"minecraft:shield":11,"minecraft:iron_sword":100,"minecraft:bell":3,"minecraft:dirt":90,"simplyswords:iron_katana":31,"minecraft:oak_fence_gate":1,"minecraft:obsidian":24,"minecraft:purple_banner":1,"minecraft:wooden_axe":60,"minecraft:bookshelf":2,"minecraft:iron_axe":114,"minecraft:grass_block":1,"simplyswords:diamond_greathammer":2,"minecraft:golden_carrot":22,"comforts:sleeping_bag_white":4,"minecraft:water_bucket":17,"minecraft:oak_planks":196,"minecraft:diamond_axe":296,"minecraft:crafting_table":7,"minecraft:white_bed":12,"minecraft:bread":11,"minecraft:iron_pickaxe":34,"minecraft:lectern":111,"minecraft:bucket":17,"minecraft:oak_boat":1,"minecraft:stripped_oak_log":5,"minecraft:cobweb":3},"minecraft:custom":{"minecraft:interact_with_smithing_table":4,"minecraft:mob_kills":56,"minecraft:interact_with_anvil":1,"minecraft:interact_with_crafting_table":16,"minecraft:open_barrel":50,"minecraft:bell_ring":12,"minecraft:leave_game":9,"minecraft:time_since_death":134409,"minecraft:climb_one_cm":1903,"minecraft:sprint_one_cm":211632,"minecraft:walk_one_cm":329478,"minecraft:damage_blocked_by_shield":235,"minecraft:drop":83,"minecraft:talked_to_villager":133,"minecraft:play_time":254310,"minecraft:deaths":1,"minecraft:sneak_time":4222,"minecraft:walk_under_water_one_cm":12319,"minecraft:boat_one_cm":55080,"minecraft:jump":2609,"minecraft:interact_with_blast_furnace":1,"minecraft:walk_on_water_one_cm":19397,"minecraft:total_world_time":254310,"minecraft:traded_with_villager":2,"minecraft:sleep_in_bed":9,"minecraft:time_since_rest":4775,"minecraft:damage_taken":2457,"minecraft:damage_dealt":28316,"minecraft:swim_one_cm":25391,"minecraft:fly_one_cm":618084,"minecraft:open_chest":11,"minecraft:crouch_one_cm":13600,"minecraft:fall_one_cm":65276,"minecraft:horse_one_cm":2329},"minecraft:picked_up":{"minecraft:wooden_axe":1,"minecraft:seagrass":2,"minecraft:crafting_table":7,"minecraft:allium":2,"minecraft:azure_bluet":3,"minecraft:anvil":1,"minecraft:lead":2,"minecraft:gold_block":1,"minecraft:brewing_stand":1,"minecraft:string":7,"minecraft:oak_trapdoor":6,"minecraft:soul_soil":7,"minecraft:iron_axe":1,"minecraft:iron_shovel":1,"minecraft:purple_banner":2,"minecraft:experience_bottle":1,"deeperdarker:warden_carapace":6,"minecraft:cobbled_deepslate":12,"comforts:sleeping_bag_white":5,"minecraft:beef":4,"minecraft:oak_boat":1,"minecraft:poppy":10,"minecraft:lectern":111,"hangglider:hang_glider":1,"minecraft:composter":1,"deeperdarker:heart_of_the_deep":2,"minecraft:redstone":7,"minecraft:tnt":3,"minecraft:arrow":6,"minecraft:rotten_flesh":8,"minecraft:beetroot_seeds":1,"minecraft:hay_block":20,"minecraft:glow_berries":2,"minecraft:obsidian":2,"minecraft:oxeye_daisy":1,"minecraft:stripped_oak_log":21,"simplyswords:iron_katana":1,"minecraft:lilac":2,"minecraft:andesite":11,"minecraft:leather":6,"minecraft:smoker":1,"minecraft:flint":3,"minecraft:oak_log":64,"minecraft:gunpowder":4,"minecraft:dirt":179,"minecraft:bone":1,"minecraft:wheat_seeds":44,"minecraft:bell":3,"minecraft:spruce_wood":6,"minecraft:iron_ingot":23,"minecraft:oak_planks":59,"minecraft:soul_sand":1,"minecraft:book":6,"minecraft:sculk_catalyst":2,"minecraft:gravel":8,"minecraft:sand":2,"minecraft:blast_furnace":2,"minecraft:white_bed":16,"minecraft:grass_block":1,"simplyswords:diamond_greathammer":2,"scout:tanned_leather":5,"minecraft:diamond":1,"minecraft:diamond_axe":1,"minecraft:emerald":1,"minecraft:netherrack":41,"minecraft:crimson_roots":3,"minecraft:ender_pearl":1},"minecraft:killed_by":{"minecraft:zombie":1},"minecraft:dropped":{"minecraft:golden_boots":1,"minecraft:bread":128,"minecraft:wheat_seeds":6,"minecraft:diamond_axe":1,"minecraft:smithing_table":1,"scout:tanned_leather":33,"minecraft:glow_berries":1,"minecraft:leather":3,"minecraft:flint":10,"minecraft:dirt":2,"minecraft:golden_carrot":7,"minecraft:wooden_axe":1,"minecraft:crimson_roots":3,"minecraft:seagrass":2,"minecraft:gold_nugget":1,"minecraft:iron_axe":1,"minecraft:iron_shovel":2,"minecraft:gravel":8,"minecraft:rotten_flesh":6,"minecraft:oak_planks":220,"simplyswords:diamond_greathammer":2,"comforts:sleeping_bag_white":2,"minecraft:magenta_dye":4,"minecraft:beef":4,"minecraft:netherrack":20},"minecraft:crafted":{"minecraft:oak_planks":320,"minecraft:oak_trapdoor":4,"minecraft:iron_axe":1,"minecraft:magenta_dye":6,"minecraft:wheat":180,"minecraft:oak_slab":24,"minecraft:crafting_table":1,"minecraft:wooden_pickaxe":1,"minecraft:gold_block":2,"minecraft:enchanted_book":2,"minecraft:air":0,"minecraft:bread":60,"minecraft:oak_boat":1,"minecraft:lectern":3,"minecraft:shield":1,"minecraft:stick":8,"minecraft:iron_pickaxe":1,"minecraft:wooden_axe":1,"minecraft:gold_ingot":16,"minecraft:light_gray_dye":3},"minecraft:killed":{"creeperoverhaul:beach_creeper":1,"minecraft:spider":3,"minecraft:vindicator":8,"minecraft:skeleton":2,"minecraft:warden":2,"minecraft:piglin":5,"minecraft:iron_golem":7,"minecraft:hoglin":1,"minecraft:creeper":1,"minecraft:trader_llama":2,"minecraft:pillager":12,"minecraft:zombie":7,"minecraft:enderman":1,"minecraft:cow":3}},"DataVersion":3465}