{"stats":{"minecraft:custom":{"minecraft:interact_with_smithing_table":6,"minecraft:interact_with_anvil":1,"minecraft:mob_kills":134,"minecraft:interact_with_crafting_table":18,"minecraft:open_barrel":73,"minecraft:bell_ring":12,"minecraft:leave_game":9,"minecraft:time_since_death":227102,"minecraft:climb_one_cm":5063,"minecraft:sprint_one_cm":336380,"minecraft:walk_one_cm":463468,"minecraft:damage_blocked_by_shield":670,"minecraft:drop":140,"minecraft:talked_to_villager":133,"minecraft:play_time":347003,"minecraft:deaths":1,"minecraft:sneak_time":8859,"minecraft:walk_under_water_one_cm":48869,"minecraft:boat_one_cm":228349,"minecraft:jump":4124,"minecraft:interact_with_blast_furnace":1,"minecraft:walk_on_water_one_cm":29857,"minecraft:total_world_time":347003,"minecraft:traded_with_villager":2,"minecraft:sleep_in_bed":14,"minecraft:time_since_rest":542,"minecraft:damage_taken":3387,"minecraft:damage_dealt":44090,"minecraft:swim_one_cm":37717,"minecraft:fly_one_cm":858454,"minecraft:open_chest":26,"minecraft:crouch_one_cm":29507,"minecraft:fall_one_cm":88419,"minecraft:horse_one_cm":2329},"minecraft:dropped":{"minecraft:golden_boots":1,"minecraft:bread":128,"minecraft:wheat_seeds":8,"minecraft:diamond_axe":1,"minecraft:smithing_table":1,"scout:tanned_leather":69,"minecraft:glow_berries":1,"minecraft:leather":3,"minecraft:flint":10,"minecraft:dirt":2,"minecraft:golden_carrot":7,"minecraft:stone_button":11,"minecraft:wooden_axe":1,"minecraft:crimson_roots":3,"minecraft:seagrass":2,"minecraft:gold_nugget":1,"minecraft:iron_axe":1,"minecraft:polished_blackstone_bricks":6,"minecraft:iron_shovel":2,"minecraft:gravel":8,"minecraft:soul_soil":8,"minecraft:rotten_flesh":9,"minecraft:oak_planks":220,"minecraft:diamond_pickaxe":3,"simplyswords:diamond_greathammer":2,"comforts:sleeping_bag_white":2,"minecraft:magenta_dye":4,"minecraft:beef":4,"minecraft:netherrack":61},"minecraft:killed":{"creeperoverhaul:beach_creeper":1,"minecraft:spider":4,"minecraft:vindicator":13,"minecraft:skeleton":28,"minecraft:warden":2,"minecraft:piglin_brute":2,"minecraft:piglin":8,"minecraft:iron_golem":8,"minecraft:hoglin":1,"minecraft:creeper":1,"minecraft:trader_llama":2,"minecraft:pillager":20,"minecraft:zombie":32,"minecraft:cow":3,"minecraft:enderman":2},"minecraft:crafted":{"minecraft:oak_planks":564,"minecraft:oak_trapdoor":4,"minecraft:iron_axe":1,"minecraft:magenta_dye":6,"minecraft:wheat":180,"minecraft:oak_slab":24,"minecraft:crafting_table":1,"minecraft:wooden_pickaxe":1,"minecraft:gold_block":2,"minecraft:enchanted_book":2,"minecraft:air":0,"minecraft:bread":60,"minecraft:oak_boat":2,"minecraft:lectern":3,"minecraft:shield":1,"minecraft:stick":8,"minecraft:iron_pickaxe":1,"minecraft:wooden_axe":1,"minecraft:gold_ingot":16,"minecraft:light_gray_dye":3},"minecraft:killed_by":{"minecraft:zombie":1},"minecraft:used":{"minecraft:oak_trapdoor":9,"minecraft:iron_shovel":173,"minecraft:flint_and_steel":3,"minecraft:poppy":3,"minecraft:chest":4,"minecraft:shield":30,"minecraft:iron_sword":100,"minecraft:bell":3,"minecraft:netherrack":85,"minecraft:dirt":159,"simplyswords:iron_katana":179,"minecraft:oak_fence_gate":1,"minecraft:obsidian":24,"minecraft:purple_banner":1,"minecraft:wooden_axe":60,"minecraft:bookshelf":2,"minecraft:iron_axe":114,"minecraft:grass_block":1,"simplyswords:diamond_greathammer":2,"minecraft:golden_carrot":35,"comforts:sleeping_bag_white":5,"minecraft:water_bucket":31,"simplyswords:diamond_katana":266,"comforts:sleeping_bag_black":4,"minecraft:oak_planks":430,"minecraft:diamond_axe":370,"minecraft:crafting_table":7,"minecraft:white_bed":12,"minecraft:oak_log":6,"minecraft:diamond_pickaxe":177,"minecraft:diamond_shovel":207,"minecraft:bread":11,"minecraft:iron_pickaxe":249,"minecraft:lectern":111,"minecraft:bucket":31,"minecraft:oak_boat":4,"minecraft:stripped_oak_log":5,"minecraft:cobweb":3},"minecraft:picked_up":{"minecraft:wooden_axe":1,"minecraft:seagrass":2,"minecraft:crafting_table":7,"minecraft:allium":2,"minecraft:azure_bluet":3,"minecraft:anvil":1,"minecraft:smithing_table":1,"minecraft:lead":2,"minecraft:oak_stairs":1,"minecraft:gold_block":14,"minecraft:brewing_stand":1,"minecraft:string":8,"minecraft:oak_trapdoor":6,"minecraft:soul_soil":8,"minecraft:iron_axe":1,"minecraft:mycelium":1,"minecraft:iron_shovel":1,"minecraft:purple_banner":2,"minecraft:experience_bottle":1,"deeperdarker:warden_carapace":6,"comforts:sleeping_bag_black":4,"minecraft:cobbled_deepslate":12,"comforts:sleeping_bag_white":6,"minecraft:beef":4,"minecraft:oak_boat":3,"minecraft:poppy":12,"minecraft:lectern":111,"hangglider:hang_glider":1,"minecraft:raw_iron":7,"minecraft:composter":1,"deeperdarker:heart_of_the_deep":2,"minecraft:polished_blackstone_bricks":6,"minecraft:carrot":1,"minecraft:redstone":7,"minecraft:tnt":3,"minecraft:arrow":24,"minecraft:diamond_chestplate":1,"minecraft:rotten_flesh":25,"minecraft:beetroot_seeds":1,"minecraft:diamond_boots":1,"minecraft:hay_block":20,"minecraft:glow_berries":2,"minecraft:obsidian":2,"minecraft:cobblestone":4,"minecraft:oxeye_daisy":1,"minecraft:stripped_oak_log":21,"simplyswords:iron_katana":1,"minecraft:lilac":2,"minecraft:andesite":11,"minecraft:leather":6,"minecraft:smoker":1,"minecraft:flint":3,"minecraft:oak_log":121,"minecraft:gunpowder":4,"minecraft:dirt":387,"minecraft:bone":13,"minecraft:bow":1,"minecraft:wheat_seeds":82,"minecraft:bell":3,"minecraft:spruce_wood":6,"minecraft:iron_ingot":28,"minecraft:oak_planks":66,"minecraft:soul_sand":19,"minecraft:book":6,"minecraft:sculk_catalyst":2,"minecraft:gravel":8,"minecraft:sand":2,"minecraft:blast_furnace":2,"minecraft:white_bed":16,"minecraft:grass_block":1,"minecraft:leather_helmet":1,"simplyswords:diamond_greathammer":2,"scout:tanned_leather":5,"minecraft:diamond":1,"minecraft:chainmail_leggings":1,"minecraft:cracked_polished_blackstone_bricks":2,"minecraft:diamond_axe":1,"minecraft:emerald":3,"minecraft:coal":1,"minecraft:netherrack":270,"minecraft:crimson_roots":3,"minecraft:diamond_pickaxe":3,"minecraft:ender_pearl":2},"minecraft:broken":{"minecraft:iron_pickaxe":1},"minecraft:mined":{"minecraft:nether_gold_ore":9,"minecraft:white_bed":16,"minecraft:cave_vines_plant":1,"minecraft:nether_bricks":3,"minecraft:allium":2,"minecraft:grass_block":274,"minecraft:crimson_roots":3,"minecraft:cracked_polished_blackstone_bricks":2,"minecraft:weeping_vines":1,"minecraft:soul_soil":3,"minecraft:composter":1,"minecraft:oxeye_daisy":1,"minecraft:hay_block":20,"minecraft:polished_blackstone_bricks":6,"minecraft:oak_trapdoor":6,"minecraft:iron_ore":3,"minecraft:fire":1,"minecraft:anvil":1,"minecraft:azure_bluet":3,"minecraft:gold_block":16,"minecraft:bell":3,"minecraft:bookshelf":2,"minecraft:oak_stairs":1,"minecraft:stripped_oak_log":21,"minecraft:stone":4,"minecraft:bone_block":6,"minecraft:blackstone":2,"minecraft:soul_sand":22,"minecraft:smoker":2,"minecraft:crimson_nylium":1,"minecraft:soul_fire":3,"minecraft:crafting_table":8,"minecraft:blast_furnace":1,"minecraft:poppy":3,"minecraft:warped_roots":1,"minecraft:lectern":111,"minecraft:nether_quartz_ore":2,"minecraft:tall_grass":102,"minecraft:oak_planks":66,"minecraft:lilac":2,"minecraft:grass":73,"minecraft:coal_ore":1,"minecraft:oak_log":123,"minecraft:beetroots":1,"minecraft:dirt":67,"minecraft:gravel":11,"minecraft:smooth_quartz":7,"minecraft:cobweb":2,"minecraft:netherrack":346,"minecraft:oak_leaves":1,"minecraft:deepslate":10,"minecraft:fern":1}},"DataVersion":3465}