{"stats":{"minecraft:broken":{"minecraft:iron_pickaxe":1},"minecraft:dropped":{"minecraft:golden_boots":1,"minecraft:bread":128,"minecraft:oak_slab":12,"minecraft:wheat_seeds":8,"minecraft:diamond_axe":1,"minecraft:smithing_table":1,"scout:tanned_leather":69,"minecraft:glow_berries":1,"minecraft:leather":3,"minecraft:flint":10,"minecraft:dirt":2,"minecraft:golden_carrot":7,"minecraft:stone_button":11,"minecraft:wooden_axe":1,"minecraft:crimson_roots":3,"minecraft:seagrass":2,"minecraft:gold_nugget":1,"minecraft:iron_axe":1,"minecraft:polished_blackstone_bricks":6,"minecraft:iron_shovel":2,"minecraft:gravel":8,"minecraft:soul_soil":8,"minecraft:rotten_flesh":9,"minecraft:oak_planks":220,"minecraft:diamond_pickaxe":3,"simplyswords:diamond_greathammer":2,"comforts:sleeping_bag_white":2,"minecraft:magenta_dye":4,"minecraft:beef":4,"minecraft:netherrack":61},"minecraft:killed_by":{"minecraft:zombie":1},"minecraft:mined":{"minecraft:nether_gold_ore":9,"minecraft:white_bed":16,"minecraft:oak_sapling":1,"minecraft:obsidian":11,"minecraft:cave_vines_plant":1,"minecraft:nether_bricks":3,"minecraft:allium":2,"minecraft:grass_block":636,"minecraft:crimson_roots":3,"minecraft:cracked_polished_blackstone_bricks":2,"minecraft:weeping_vines":1,"minecraft:soul_soil":3,"minecraft:composter":1,"minecraft:oxeye_daisy":1,"minecraft:hay_block":20,"minecraft:polished_blackstone_bricks":6,"minecraft:oak_trapdoor":6,"minecraft:iron_ore":3,"minecraft:fire":1,"minecraft:anvil":1,"minecraft:azure_bluet":3,"minecraft:gold_block":16,"minecraft:bell":3,"minecraft:bookshelf":2,"minecraft:oak_stairs":1,"minecraft:stripped_oak_log":21,"minecraft:stone":46,"minecraft:bone_block":6,"minecraft:blackstone":2,"minecraft:soul_sand":22,"minecraft:smoker":2,"minecraft:crimson_nylium":1,"minecraft:soul_fire":3,"minecraft:crafting_table":8,"minecraft:blast_furnace":1,"minecraft:poppy":3,"minecraft:warped_roots":1,"minecraft:lectern":111,"minecraft:nether_quartz_ore":2,"minecraft:tall_grass":108,"minecraft:oak_planks":111,"minecraft:lilac":2,"minecraft:grass":91,"minecraft:oak_log":136,"minecraft:coal_ore":3,"minecraft:beetroots":1,"minecraft:dirt":280,"minecraft:gravel":11,"minecraft:smooth_quartz":7,"minecraft:cobweb":2,"minecraft:stone_bricks":2,"minecraft:netherrack":346,"minecraft:oak_leaves":20,"minecraft:deepslate":10,"minecraft:fern":1},"minecraft:custom":{"minecraft:interact_with_smithing_table":6,"minecraft:interact_with_anvil":1,"minecraft:mob_kills":134,"minecraft:interact_with_crafting_table":18,"minecraft:open_barrel":73,"minecraft:bell_ring":12,"minecraft:leave_game":11,"minecraft:time_since_death":249164,"minecraft:climb_one_cm":5063,"minecraft:sprint_one_cm":396623,"minecraft:walk_one_cm":527442,"minecraft:damage_blocked_by_shield":670,"minecraft:drop":141,"minecraft:talked_to_villager":133,"minecraft:play_time":369065,"minecraft:deaths":1,"minecraft:sneak_time":10315,"minecraft:walk_under_water_one_cm":48869,"minecraft:boat_one_cm":228349,"minecraft:jump":4424,"minecraft:interact_with_blast_furnace":1,"minecraft:walk_on_water_one_cm":30496,"minecraft:total_world_time":369065,"minecraft:traded_with_villager":2,"minecraft:sleep_in_bed":15,"minecraft:time_since_rest":9393,"minecraft:damage_taken":3449,"minecraft:damage_dealt":44090,"minecraft:swim_one_cm":37717,"minecraft:fly_one_cm":922371,"minecraft:open_chest":34,"minecraft:crouch_one_cm":36070,"minecraft:fall_one_cm":97468,"minecraft:horse_one_cm":2329},"minecraft:used":{"minecraft:oak_trapdoor":9,"minecraft:iron_shovel":173,"minecraft:flint_and_steel":4,"minecraft:poppy":3,"minecraft:chest":8,"minecraft:shield":30,"minecraft:iron_sword":100,"minecraft:bell":3,"minecraft:netherrack":85,"minecraft:dirt":333,"simplyswords:iron_katana":179,"minecraft:oak_fence_gate":1,"minecraft:obsidian":35,"minecraft:purple_banner":1,"minecraft:wooden_axe":60,"minecraft:bookshelf":2,"minecraft:iron_axe":114,"minecraft:grass_block":1,"simplyswords:diamond_greathammer":2,"minecraft:stone_bricks":2,"minecraft:golden_carrot":37,"minecraft:oak_sapling":6,"comforts:sleeping_bag_white":5,"minecraft:water_bucket":32,"simplyswords:diamond_katana":266,"comforts:sleeping_bag_black":5,"minecraft:oak_planks":539,"minecraft:diamond_axe":429,"minecraft:crafting_table":7,"minecraft:white_bed":12,"minecraft:oak_log":6,"minecraft:diamond_pickaxe":254,"minecraft:diamond_shovel":796,"minecraft:bread":11,"minecraft:iron_pickaxe":249,"minecraft:lectern":111,"minecraft:bucket":32,"minecraft:cobweb":3,"minecraft:oak_boat":4,"minecraft:stripped_oak_log":5,"minecraft:bone_meal":5},"minecraft:picked_up":{"minecraft:wooden_axe":1,"minecraft:seagrass":2,"minecraft:crafting_table":7,"minecraft:allium":2,"minecraft:azure_bluet":3,"minecraft:anvil":1,"minecraft:smithing_table":1,"minecraft:lead":2,"minecraft:oak_stairs":1,"minecraft:gold_block":14,"minecraft:brewing_stand":1,"minecraft:string":8,"minecraft:oak_trapdoor":6,"minecraft:soul_soil":8,"minecraft:iron_axe":1,"minecraft:iron_shovel":1,"minecraft:mycelium":1,"minecraft:purple_banner":2,"minecraft:experience_bottle":1,"deeperdarker:warden_carapace":6,"comforts:sleeping_bag_black":5,"minecraft:cobbled_deepslate":12,"comforts:sleeping_bag_white":6,"minecraft:beef":4,"minecraft:oak_boat":3,"minecraft:poppy":12,"minecraft:lectern":111,"hangglider:hang_glider":1,"minecraft:stick":1,"minecraft:raw_iron":7,"minecraft:composter":1,"minecraft:torch":4,"deeperdarker:heart_of_the_deep":2,"minecraft:polished_blackstone_bricks":6,"minecraft:carrot":1,"minecraft:redstone":7,"minecraft:tnt":3,"minecraft:arrow":24,"minecraft:rotten_flesh":25,"minecraft:diamond_chestplate":1,"minecraft:beetroot_seeds":1,"minecraft:diamond_boots":1,"minecraft:hay_block":20,"minecraft:glow_berries":2,"minecraft:obsidian":13,"minecraft:cobblestone":46,"minecraft:oxeye_daisy":1,"minecraft:stripped_oak_log":21,"simplyswords:iron_katana":1,"minecraft:lilac":2,"minecraft:andesite":11,"minecraft:leather":6,"minecraft:smoker":1,"minecraft:flint":3,"minecraft:oak_log":134,"minecraft:gunpowder":4,"minecraft:dirt":958,"minecraft:bone":13,"minecraft:stone_bricks":2,"minecraft:bow":1,"minecraft:wheat_seeds":97,"minecraft:bell":3,"minecraft:spruce_wood":6,"minecraft:iron_ingot":28,"minecraft:oak_planks":111,"minecraft:soul_sand":19,"minecraft:book":6,"minecraft:sculk_catalyst":2,"minecraft:gravel":8,"minecraft:sand":2,"minecraft:blast_furnace":2,"minecraft:white_bed":16,"minecraft:grass_block":1,"minecraft:leather_helmet":1,"simplyswords:diamond_greathammer":2,"scout:tanned_leather":5,"minecraft:diamond":1,"minecraft:chainmail_leggings":1,"minecraft:cracked_polished_blackstone_bricks":2,"minecraft:diamond_axe":1,"minecraft:emerald":3,"minecraft:oak_sapling":6,"minecraft:netherrack":270,"minecraft:coal":3,"minecraft:crimson_roots":3,"minecraft:ender_pearl":2,"minecraft:diamond_pickaxe":3},"minecraft:crafted":{"minecraft:oak_planks":616,"minecraft:bone_meal":45,"minecraft:oak_trapdoor":4,"minecraft:iron_axe":1,"minecraft:magenta_dye":6,"minecraft:wheat":180,"minecraft:oak_slab":24,"minecraft:crafting_table":1,"minecraft:wooden_pickaxe":1,"minecraft:gold_block":2,"minecraft:enchanted_book":2,"minecraft:air":0,"minecraft:bread":60,"minecraft:oak_boat":2,"minecraft:lectern":3,"minecraft:shield":1,"minecraft:stick":8,"minecraft:iron_pickaxe":1,"minecraft:wooden_axe":1,"minecraft:gold_ingot":16,"minecraft:light_gray_dye":3},"minecraft:killed":{"creeperoverhaul:beach_creeper":1,"minecraft:spider":4,"minecraft:vindicator":13,"minecraft:skeleton":28,"minecraft:warden":2,"minecraft:piglin_brute":2,"minecraft:piglin":8,"minecraft:iron_golem":8,"minecraft:hoglin":1,"minecraft:creeper":1,"minecraft:trader_llama":2,"minecraft:pillager":20,"minecraft:zombie":32,"minecraft:enderman":2,"minecraft:cow":3}},"DataVersion":3465}