{"stats":{"minecraft:mined":{"minecraft:white_bed":12,"minecraft:crafting_table":7,"minecraft:allium":2,"minecraft:grass_block":123,"minecraft:poppy":3,"minecraft:lectern":111,"minecraft:tall_grass":83,"minecraft:composter":1,"minecraft:oak_planks":59,"minecraft:oxeye_daisy":1,"minecraft:hay_block":20,"minecraft:oak_trapdoor":6,"minecraft:lilac":2,"minecraft:azure_bluet":3,"minecraft:bell":3,"minecraft:grass":55,"minecraft:bookshelf":2,"minecraft:oak_log":65,"minecraft:beetroots":1,"minecraft:gravel":11,"minecraft:dirt":8,"minecraft:stripped_oak_log":21,"minecraft:cobweb":2,"minecraft:oak_leaves":1,"minecraft:fern":1},"minecraft:used":{"minecraft:oak_trapdoor":9,"minecraft:water_bucket":17,"minecraft:iron_shovel":151,"minecraft:poppy":3,"minecraft:oak_planks":196,"minecraft:chest":4,"minecraft:shield":11,"minecraft:iron_sword":100,"minecraft:bell":3,"minecraft:diamond_axe":290,"minecraft:dirt":18,"minecraft:crafting_table":7,"minecraft:white_bed":12,"minecraft:oak_fence_gate":1,"minecraft:purple_banner":1,"minecraft:wooden_axe":60,"minecraft:bookshelf":2,"minecraft:grass_block":1,"minecraft:iron_axe":114,"minecraft:bread":11,"minecraft:iron_pickaxe":4,"minecraft:lectern":111,"minecraft:golden_carrot":12,"minecraft:bucket":17,"minecraft:oak_boat":1,"comforts:sleeping_bag_white":3,"minecraft:stripped_oak_log":5,"minecraft:cobweb":3},"minecraft:custom":{"minecraft:interact_with_anvil":1,"minecraft:mob_kills":49,"minecraft:traded_with_villager":2,"minecraft:interact_with_crafting_table":13,"minecraft:open_barrel":21,"minecraft:bell_ring":12,"minecraft:leave_game":9,"minecraft:time_since_death":104409,"minecraft:sleep_in_bed":8,"minecraft:climb_one_cm":432,"minecraft:time_since_rest":5566,"minecraft:sprint_one_cm":137568,"minecraft:damage_taken":1615,"minecraft:walk_one_cm":265479,"minecraft:damage_blocked_by_shield":235,"minecraft:drop":36,"minecraft:damage_dealt":26665,"minecraft:swim_one_cm":25391,"minecraft:talked_to_villager":133,"minecraft:fly_one_cm":494580,"minecraft:open_chest":8,"minecraft:crouch_one_cm":8688,"minecraft:play_time":224310,"minecraft:deaths":1,"minecraft:sneak_time":3215,"minecraft:walk_under_water_one_cm":12319,"minecraft:boat_one_cm":55080,"minecraft:jump":2032,"minecraft:walk_on_water_one_cm":18244,"minecraft:total_world_time":224310,"minecraft:fall_one_cm":48293,"minecraft:horse_one_cm":2329},"minecraft:picked_up":{"minecraft:stripped_oak_log":21,"simplyswords:iron_katana":1,"minecraft:seagrass":2,"minecraft:crafting_table":7,"minecraft:allium":2,"minecraft:azure_bluet":3,"minecraft:lilac":2,"minecraft:andesite":11,"minecraft:leather":6,"minecraft:lead":2,"minecraft:flint":3,"minecraft:oak_log":64,"minecraft:gunpowder":4,"minecraft:oak_trapdoor":6,"minecraft:dirt":177,"minecraft:string":7,"minecraft:iron_shovel":1,"minecraft:purple_banner":2,"minecraft:bone":1,"deeperdarker:warden_carapace":6,"minecraft:wheat_seeds":43,"minecraft:bell":3,"comforts:sleeping_bag_white":3,"minecraft:spruce_wood":6,"minecraft:iron_ingot":23,"minecraft:beef":4,"minecraft:oak_boat":1,"minecraft:lectern":111,"minecraft:poppy":10,"hangglider:hang_glider":1,"minecraft:oak_planks":59,"minecraft:book":6,"minecraft:sculk_catalyst":2,"minecraft:composter":1,"minecraft:gravel":8,"deeperdarker:heart_of_the_deep":2,"minecraft:sand":2,"minecraft:white_bed":12,"minecraft:grass_block":1,"minecraft:redstone":7,"minecraft:tnt":3,"minecraft:arrow":6,"minecraft:rotten_flesh":8,"minecraft:beetroot_seeds":1,"minecraft:hay_block":20,"minecraft:emerald":1,"minecraft:ender_pearl":1,"minecraft:oxeye_daisy":1},"minecraft:killed_by":{"minecraft:zombie":1},"minecraft:dropped":{"minecraft:bread":128,"minecraft:wheat_seeds":6,"minecraft:rotten_flesh":6,"minecraft:oak_planks":220,"minecraft:flint":10,"minecraft:golden_carrot":7,"minecraft:seagrass":2,"comforts:sleeping_bag_white":1,"minecraft:magenta_dye":4,"minecraft:beef":4,"minecraft:iron_shovel":2},"minecraft:crafted":{"minecraft:oak_slab":24,"minecraft:oak_planks":320,"minecraft:crafting_table":1,"minecraft:wooden_pickaxe":1,"minecraft:enchanted_book":2,"minecraft:bread":60,"minecraft:oak_trapdoor":4,"minecraft:oak_boat":1,"minecraft:lectern":3,"minecraft:shield":1,"minecraft:iron_axe":1,"minecraft:stick":8,"minecraft:iron_pickaxe":1,"minecraft:wooden_axe":1,"minecraft:light_gray_dye":3,"minecraft:magenta_dye":6,"minecraft:wheat":180},"minecraft:killed":{"creeperoverhaul:beach_creeper":1,"minecraft:vindicator":8,"minecraft:spider":3,"minecraft:iron_golem":7,"minecraft:creeper":1,"minecraft:skeleton":1,"minecraft:trader_llama":2,"minecraft:pillager":12,"minecraft:zombie":7,"minecraft:warden":2,"minecraft:enderman":1,"minecraft:cow":3}},"DataVersion":3465}