{"stats":{"minecraft:crafted":{"minecraft:oak_planks":616,"minecraft:bone_meal":135,"minecraft:oak_trapdoor":4,"minecraft:diamond_helmet":1,"minecraft:diamond_leggings":1,"minecraft:iron_axe":1,"minecraft:magenta_dye":6,"minecraft:wheat":180,"minecraft:oak_slab":24,"minecraft:crafting_table":1,"minecraft:wooden_pickaxe":1,"minecraft:gold_block":2,"minecraft:enchanted_book":4,"minecraft:air":0,"minecraft:bread":60,"minecraft:oak_boat":2,"minecraft:lectern":3,"minecraft:shield":1,"sophisticatedbackpacks:diamond_backpack":3,"minecraft:stick":8,"minecraft:iron_pickaxe":1,"minecraft:wooden_axe":1,"minecraft:gold_ingot":16,"minecraft:light_gray_dye":3,"minecraft:black_dye":1},"minecraft:picked_up":{"minecraft:wooden_axe":1,"sophisticatedbackpacks:gold_backpack":1,"minecraft:crafting_table":9,"minecraft:iron_chestplate":2,"minecraft:allium":2,"minecraft:azure_bluet":3,"minecraft:anvil":1,"minecraft:prismarine_shard":2,"simplyswords:diamond_katana":1,"minecraft:lead":2,"minecraft:leather_leggings":1,"minecraft:smithing_table":2,"minecraft:brown_mushroom":1,"minecraft:oak_stairs":2,"minecraft:gold_block":14,"minecraft:enchanted_book":6,"minecraft:brewing_stand":1,"minecraft:shield":1,"minecraft:oak_trapdoor":6,"minecraft:string":48,"minecraft:soul_soil":8,"minecraft:raw_copper":43,"minecraft:iron_axe":1,"minecraft:flint_and_steel":1,"minecraft:iron_leggings":1,"minecraft:iron_shovel":1,"minecraft:mycelium":1,"minecraft:purple_banner":2,"minecraft:experience_bottle":1,"deeperdarker:warden_carapace":6,"comforts:sleeping_bag_black":14,"minecraft:cartography_table":1,"minecraft:cobbled_deepslate":14,"comforts:sleeping_bag_white":8,"minecraft:beef":12,"minecraft:oak_boat":3,"minecraft:poppy":12,"minecraft:lectern":225,"hangglider:hang_glider":1,"minecraft:tipped_arrow":1,"minecraft:iron_boots":1,"minecraft:stick":2,"minecraft:raw_iron":164,"minecraft:oak_door":1,"minecraft:composter":4,"minecraft:oak_fence":1,"minecraft:torch":8,"deeperdarker:heart_of_the_deep":2,"minecraft:polished_blackstone_bricks":6,"minecraft:diorite":1,"minecraft:carrot":2,"minecraft:redstone":134,"minecraft:cauldron":4,"minecraft:black_dye":1,"minecraft:tnt":3,"minecraft:arrow":35,"minecraft:rotten_flesh":47,"minecraft:diamond_chestplate":2,"minecraft:beetroot_seeds":1,"minecraft:diamond_boots":2,"minecraft:hay_block":20,"minecraft:gold_ingot":21,"minecraft:glow_berries":2,"minecraft:obsidian":13,"minecraft:cobblestone":121,"minecraft:oxeye_daisy":2,"minecraft:stripped_oak_log":21,"simplyswords:iron_katana":1,"minecraft:magma_block":1,"minecraft:lilac":2,"minecraft:golden_carrot":55,"minecraft:glow_ink_sac":5,"minecraft:water_bucket":1,"minecraft:andesite":11,"minecraft:leather":15,"minecraft:smoker":1,"minecraft:potato":38,"minecraft:flint":3,"minecraft:oak_log":138,"minecraft:yellow_bed":2,"minecraft:golden_boots":1,"minecraft:gunpowder":9,"minecraft:lapis_lazuli":63,"minecraft:dirt":1416,"minecraft:lantern":14,"minecraft:leather_boots":1,"minecraft:bone":23,"sophisticatedbackpacks:upgrade_base":2,"minecraft:apple":1,"minecraft:stone_bricks":2,"minecraft:bow":2,"minecraft:wheat_seeds":106,"minecraft:raw_gold":43,"minecraft:bell":11,"minecraft:spruce_wood":6,"minecraft:iron_ingot":78,"minecraft:oak_planks":124,"minecraft:soul_sand":19,"minecraft:book":22,"minecraft:sculk_catalyst":2,"minecraft:dandelion":1,"minecraft:poisonous_potato":1,"minecraft:gravel":9,"minecraft:sand":2,"minecraft:ink_sac":1,"minecraft:blast_furnace":2,"minecraft:white_bed":17,"minecraft:grass_block":1,"minecraft:spider_eye":15,"minecraft:mossy_cobblestone":2,"minecraft:leather_helmet":3,"simplyswords:diamond_greathammer":2,"minecraft:iron_hoe":1,"minecraft:diamond_shovel":1,"minecraft:diamond":52,"minecraft:chainmail_leggings":1,"minecraft:cracked_polished_blackstone_bricks":2,"minecraft:diamond_axe":1,"minecraft:emerald":403,"minecraft:oak_sapling":6,"minecraft:netherrack":286,"minecraft:coal":55,"minecraft:diamond_pickaxe":4,"minecraft:crimson_roots":3,"minecraft:seagrass":2,"minecraft:ender_pearl":2},"minecraft:mined":{"minecraft:white_bed":17,"minecraft:oak_sapling":1,"minecraft:oak_door":1,"minecraft:obsidian":11,"minecraft:cave_vines_plant":1,"minecraft:nether_bricks":3,"minecraft:allium":2,"minecraft:grass_block":636,"minecraft:cracked_polished_blackstone_bricks":2,"minecraft:crimson_roots":3,"minecraft:weeping_vines":1,"minecraft:soul_soil":3,"minecraft:cartography_table":1,"comforts:sleeping_bag_black":1,"minecraft:composter":4,"minecraft:oxeye_daisy":2,"minecraft:large_fern":2,"minecraft:hay_block":20,"minecraft:polished_blackstone_bricks":6,"minecraft:redstone_ore":21,"minecraft:oak_trapdoor":6,"minecraft:iron_ore":77,"minecraft:fire":2,"minecraft:anvil":1,"minecraft:azure_bluet":3,"minecraft:gold_block":16,"minecraft:bell":11,"minecraft:potatoes":10,"minecraft:bookshelf":6,"minecraft:water_cauldron":4,"minecraft:deepslate_iron_ore":26,"minecraft:oak_stairs":1,"minecraft:stripped_oak_log":21,"minecraft:stone":96,"minecraft:bone_block":6,"minecraft:soul_sand":22,"minecraft:blackstone":2,"minecraft:crimson_nylium":1,"minecraft:smoker":2,"minecraft:soul_fire":3,"minecraft:oak_fence":1,"minecraft:crafting_table":9,"minecraft:blast_furnace":1,"minecraft:poppy":3,"minecraft:warped_roots":1,"minecraft:lectern":220,"minecraft:copper_ore":4,"minecraft:nether_quartz_ore":2,"minecraft:tall_grass":126,"minecraft:cobblestone":21,"minecraft:deepslate_gold_ore":2,"minecraft:lapis_ore":4,"minecraft:oak_planks":120,"minecraft:diorite":1,"minecraft:seagrass":1,"minecraft:lilac":2,"minecraft:yellow_bed":2,"minecraft:grass":117,"minecraft:coal_ore":3,"minecraft:oak_log":136,"minecraft:beetroots":1,"minecraft:smooth_quartz":7,"minecraft:gravel":11,"minecraft:dirt":291,"minecraft:mossy_cobblestone":1,"minecraft:cobweb":13,"minecraft:stone_bricks":2,"minecraft:netherrack":356,"minecraft:gold_ore":15,"minecraft:deepslate":12,"minecraft:oak_leaves":20,"minecraft:fern":1,"minecraft:nether_gold_ore":9},"minecraft:killed_by":{"minecraft:zombie":1},"minecraft:custom":{"minecraft:interact_with_anvil":9,"minecraft:mob_kills":213,"minecraft:interact_with_crafting_table":25,"minecraft:open_barrel":74,"minecraft:bell_ring":63,"minecraft:leave_game":15,"minecraft:time_since_death":355474,"minecraft:climb_one_cm":5858,"minecraft:sprint_one_cm":577539,"minecraft:walk_one_cm":819028,"minecraft:damage_blocked_by_shield":700,"minecraft:drop":210,"minecraft:talked_to_villager":246,"minecraft:play_time":475375,"minecraft:sneak_time":13308,"minecraft:deaths":1,"minecraft:walk_under_water_one_cm":53429,"minecraft:boat_one_cm":228349,"minecraft:jump":6510,"minecraft:interact_with_blast_furnace":9,"minecraft:walk_on_water_one_cm":40027,"minecraft:total_world_time":475375,"minecraft:traded_with_villager":4,"minecraft:interact_with_grindstone":1,"minecraft:sleep_in_bed":27,"minecraft:time_since_rest":815,"minecraft:damage_taken":4532,"minecraft:damage_dealt":59881,"minecraft:swim_one_cm":53932,"minecraft:fly_one_cm":1384901,"minecraft:open_chest":62,"minecraft:crouch_one_cm":47838,"minecraft:interact_with_smithing_table":6,"minecraft:fall_one_cm":152442,"minecraft:horse_one_cm":2329},"minecraft:dropped":{"minecraft:enchanted_book":4,"sophisticatedbackpacks:upgrade_base":1,"minecraft:golden_boots":1,"minecraft:bread":256,"minecraft:oak_slab":12,"minecraft:wheat_seeds":8,"minecraft:diamond_axe":1,"minecraft:diamond":3,"minecraft:smithing_table":1,"minecraft:book":14,"minecraft:lantern":24,"minecraft:oak_fence":1,"minecraft:glow_berries":1,"minecraft:leather":3,"minecraft:leather_helmet":1,"minecraft:emerald":926,"minecraft:flint":10,"minecraft:dirt":2,"minecraft:golden_carrot":31,"minecraft:stone_button":11,"minecraft:crimson_roots":3,"minecraft:wooden_axe":1,"minecraft:seagrass":2,"minecraft:iron_leggings":1,"minecraft:gold_nugget":1,"minecraft:iron_axe":1,"minecraft:polished_blackstone_bricks":6,"minecraft:iron_shovel":2,"minecraft:gravel":8,"minecraft:soul_soil":8,"minecraft:raw_iron":34,"minecraft:rotten_flesh":9,"minecraft:oak_planks":224,"minecraft:diamond_pickaxe":3,"minecraft:leather_boots":1,"comforts:sleeping_bag_black":1,"simplyswords:diamond_greathammer":2,"comforts:sleeping_bag_white":4,"minecraft:lectern":9,"minecraft:bell":1,"minecraft:magenta_dye":4,"minecraft:beef":4,"minecraft:netherrack":61},"minecraft:killed":{"minecraft:cave_spider":1,"creeperoverhaul:beach_creeper":2,"minecraft:spider":37,"minecraft:vindicator":13,"minecraft:horse":2,"minecraft:skeleton":31,"minecraft:warden":2,"minecraft:piglin_brute":2,"minecraft:piglin":8,"minecraft:zombie_villager":2,"minecraft:iron_golem":9,"minecraft:hoglin":1,"minecraft:creeper":11,"minecraft:trader_llama":2,"minecraft:pillager":20,"minecraft:zombie":48,"minecraft:stray":2,"minecraft:villager":1,"minecraft:glow_squid":3,"minecraft:enderman":2,"minecraft:cow":7},"minecraft:broken":{"minecraft:iron_pickaxe":1},"minecraft:used":{"minecraft:flint_and_steel":4,"minecraft:poppy":3,"minecraft:chest":11,"minecraft:shield":31,"minecraft:iron_sword":100,"minecraft:bell":9,"minecraft:netherrack":101,"minecraft:anvil":2,"minecraft:dirt":512,"simplyswords:iron_katana":179,"minecraft:diamond_helmet":1,"minecraft:oak_fence_gate":1,"minecraft:obsidian":35,"minecraft:purple_banner":1,"minecraft:wooden_axe":60,"minecraft:bookshelf":2,"minecraft:iron_axe":114,"minecraft:oak_stairs":1,"minecraft:grass_block":1,"simplyswords:diamond_greathammer":2,"minecraft:stone_bricks":2,"minecraft:golden_carrot":55,"minecraft:oak_sapling":6,"comforts:sleeping_bag_white":5,"minecraft:potato":38,"minecraft:water_bucket":45,"simplyswords:diamond_katana":500,"comforts:sleeping_bag_black":15,"minecraft:oak_planks":548,"minecraft:diamond_axe":562,"minecraft:crafting_table":8,"minecraft:white_bed":22,"minecraft:oak_log":6,"minecraft:diamond_pickaxe":509,"minecraft:diamond_shovel":805,"minecraft:bread":11,"minecraft:iron_pickaxe":249,"minecraft:lectern":219,"minecraft:grindstone":1,"minecraft:yellow_bed":2,"minecraft:cobblestone":15,"minecraft:smithing_table":1,"minecraft:oak_trapdoor":9,"minecraft:dandelion":1,"minecraft:iron_shovel":173,"minecraft:bucket":45,"minecraft:cobweb":3,"minecraft:oak_boat":4,"minecraft:stripped_oak_log":5,"minecraft:bone_meal":95}},"DataVersion":3465}