{"stats":{"minecraft:mined":{"minecraft:white_bed":6,"minecraft:crafting_table":6,"minecraft:allium":2,"minecraft:grass_block":1,"minecraft:tall_grass":71,"minecraft:oak_planks":17,"minecraft:oxeye_daisy":1,"minecraft:hay_block":20,"minecraft:lilac":2,"minecraft:azure_bluet":3,"minecraft:grass":26,"minecraft:oak_log":65,"minecraft:stripped_oak_log":21,"minecraft:cobweb":2,"minecraft:oak_leaves":1,"minecraft:fern":1},"minecraft:used":{"minecraft:water_bucket":5,"minecraft:oak_planks":26,"minecraft:shield":11,"minecraft:iron_sword":29,"minecraft:diamond_axe":85,"minecraft:dirt":1,"minecraft:crafting_table":5,"minecraft:white_bed":2,"minecraft:purple_banner":1,"minecraft:wooden_axe":60,"minecraft:grass_block":1,"minecraft:iron_axe":114,"minecraft:bread":11,"minecraft:iron_pickaxe":1,"minecraft:golden_carrot":5,"minecraft:bucket":5,"minecraft:oak_boat":1,"comforts:sleeping_bag_white":3,"minecraft:stripped_oak_log":5,"minecraft:cobweb":3},"minecraft:custom":{"minecraft:mob_kills":43,"minecraft:interact_with_crafting_table":7,"minecraft:open_barrel":21,"minecraft:leave_game":9,"minecraft:time_since_death":44409,"minecraft:sleep_in_bed":4,"minecraft:climb_one_cm":432,"minecraft:time_since_rest":255,"minecraft:sprint_one_cm":84168,"minecraft:damage_taken":1153,"minecraft:walk_one_cm":92732,"minecraft:damage_blocked_by_shield":235,"minecraft:drop":10,"minecraft:damage_dealt":19778,"minecraft:swim_one_cm":25391,"minecraft:talked_to_villager":1,"minecraft:fly_one_cm":344466,"minecraft:open_chest":4,"minecraft:crouch_one_cm":2301,"minecraft:play_time":164310,"minecraft:deaths":1,"minecraft:sneak_time":1822,"minecraft:walk_under_water_one_cm":11947,"minecraft:boat_one_cm":55080,"minecraft:jump":1132,"minecraft:walk_on_water_one_cm":14699,"minecraft:total_world_time":164310,"minecraft:fall_one_cm":24586,"minecraft:horse_one_cm":2329},"minecraft:picked_up":{"minecraft:stripped_oak_log":21,"minecraft:seagrass":2,"minecraft:crafting_table":6,"minecraft:allium":2,"minecraft:azure_bluet":3,"minecraft:lilac":2,"minecraft:leather":6,"minecraft:lead":2,"minecraft:flint":3,"minecraft:oak_log":64,"minecraft:gunpowder":4,"minecraft:dirt":1,"minecraft:string":7,"minecraft:purple_banner":2,"deeperdarker:warden_carapace":6,"minecraft:wheat_seeds":8,"comforts:sleeping_bag_white":3,"minecraft:spruce_wood":6,"minecraft:iron_ingot":3,"minecraft:beef":4,"minecraft:oak_boat":1,"minecraft:poppy":1,"minecraft:oak_planks":17,"minecraft:sculk_catalyst":2,"deeperdarker:heart_of_the_deep":2,"minecraft:sand":2,"minecraft:white_bed":6,"minecraft:grass_block":1,"minecraft:redstone":7,"minecraft:tnt":3,"minecraft:rotten_flesh":8,"minecraft:hay_block":20,"minecraft:emerald":1,"minecraft:ender_pearl":1,"minecraft:oxeye_daisy":1},"minecraft:killed_by":{"minecraft:zombie":1},"minecraft:dropped":{"minecraft:wheat_seeds":6,"minecraft:rotten_flesh":6,"minecraft:seagrass":2,"minecraft:magenta_dye":4,"minecraft:beef":4},"minecraft:crafted":{"minecraft:oak_planks":320,"minecraft:wooden_pickaxe":1,"minecraft:bread":60,"minecraft:oak_boat":1,"minecraft:shield":1,"minecraft:iron_axe":1,"minecraft:stick":8,"minecraft:iron_pickaxe":1,"minecraft:wooden_axe":1,"minecraft:light_gray_dye":3,"minecraft:magenta_dye":6,"minecraft:wheat":180},"minecraft:killed":{"creeperoverhaul:beach_creeper":1,"minecraft:vindicator":8,"minecraft:spider":3,"minecraft:iron_golem":1,"minecraft:creeper":1,"minecraft:skeleton":1,"minecraft:trader_llama":2,"minecraft:pillager":12,"minecraft:zombie":7,"minecraft:warden":2,"minecraft:enderman":1,"minecraft:cow":3}},"DataVersion":3465}