{"stats":{"minecraft:crafted":{"minecraft:oak_planks":124,"minecraft:iron_nugget":9,"minecraft:furnace":1,"sophisticatedbackpacks:crafting_upgrade":1,"simplyswords:iron_warglaive":1,"simplyswords:iron_greataxe":1,"minecraft:iron_axe":1,"minecraft:chest":2,"sophisticatedbackpacks:iron_backpack":1,"minecraft:cooked_beef":5,"minecraft:arrow":32,"minecraft:emerald":2,"sophisticatedbackpacks:backpack":1,"minecraft:cooked_porkchop":6,"minecraft:crafting_table":3,"simplyswords:iron_chakram":1,"simplyswords:iron_halberd":1,"minecraft:cooked_salmon":1,"minecraft:fletching_table":1,"sophisticatedbackpacks:upgrade_base":1,"simplyswords:iron_glaive":1,"simplyswords:iron_scythe":1,"minecraft:shield":1,"minecraft:stick":32,"minecraft:iron_pickaxe":1,"minecraft:iron_leggings":1,"minecraft:torch":68},"minecraft:picked_up":{"minecraft:crafting_table":4,"minecraft:iron_chestplate":1,"minecraft:chicken":6,"minecraft:diamond_sword":1,"minecraft:string":28,"minecraft:raw_copper":56,"minecraft:armor_stand":2,"minecraft:iron_shovel":1,"comforts:sleeping_bag_black":3,"minecraft:diamond_leggings":1,"minecraft:cobbled_deepslate":6,"minecraft:beef":41,"minecraft:iron_nugget":1,"minecraft:light_gray_wool":2,"minecraft:furnace":3,"minecraft:iron_boots":1,"minecraft:egg":3,"minecraft:tipped_arrow":3,"minecraft:raw_iron":5,"minecraft:composter":1,"minecraft:torch":14,"sophisticatedbackpacks:backpack":1,"minecraft:porkchop":11,"simplyswords:iron_halberd":1,"minecraft:carrot":1,"minecraft:arrow":13,"minecraft:rotten_flesh":30,"minecraft:diamond_chestplate":2,"minecraft:diamond_boots":1,"minecraft:mutton":31,"minecraft:cobblestone":53,"minecraft:white_wool":27,"minecraft:birch_log":4,"minecraft:feather":4,"minecraft:golden_carrot":3,"minecraft:salmon":5,"minecraft:andesite":16,"minecraft:leather":28,"minecraft:potato":1,"minecraft:flint":2,"minecraft:oak_log":31,"minecraft:gunpowder":7,"minecraft:dirt":5,"minecraft:bone":8,"minecraft:bow":2,"simplyswords:iron_warglaive":1,"minecraft:raw_gold":1,"minecraft:grindstone":1,"minecraft:iron_ingot":68,"minecraft:fletching_table":4,"minecraft:diamond_helmet":1,"minecraft:oak_planks":38,"simplyswords:iron_greataxe":2,"minecraft:dandelion":2,"minecraft:gravel":19,"minecraft:spruce_sapling":4,"minecraft:blast_furnace":1,"minecraft:spruce_log":18,"minecraft:spider_eye":5,"minecraft:diamond":2,"minecraft:iron_helmet":1,"minecraft:granite":4,"minecraft:black_wool":2,"minecraft:coal":129},"minecraft:mined":{"minecraft:spruce_planks":1,"minecraft:deepslate_diamond_ore":2,"minecraft:granite":4,"minecraft:spruce_leaves":52,"minecraft:composter":1,"minecraft:large_fern":3,"minecraft:tall_seagrass":1,"minecraft:furnace":3,"minecraft:iron_ore":5,"minecraft:andesite":17,"minecraft:fletching_table":4,"minecraft:stone":56,"minecraft:dandelion":1,"minecraft:crafting_table":5,"minecraft:blast_furnace":1,"minecraft:copper_ore":16,"minecraft:tall_grass":7,"minecraft:cobblestone":1,"minecraft:grindstone":1,"minecraft:oak_planks":9,"minecraft:deepslate_gold_ore":1,"minecraft:spruce_log":19,"minecraft:grass":11,"minecraft:coal_ore":49,"minecraft:oak_log":31,"minecraft:gravel":21,"minecraft:dripstone_block":2,"minecraft:dirt":5,"minecraft:cobweb":9,"minecraft:deepslate":3},"minecraft:custom":{"minecraft:mob_kills":143,"minecraft:interact_with_crafting_table":21,"minecraft:time_since_death":100255,"minecraft:climb_one_cm":389,"minecraft:sprint_one_cm":274880,"minecraft:walk_one_cm":356461,"minecraft:damage_blocked_by_shield":1311,"minecraft:drop":20,"minecraft:talked_to_villager":23,"minecraft:play_time":100255,"minecraft:sneak_time":195,"minecraft:walk_under_water_one_cm":9592,"minecraft:jump":1415,"minecraft:walk_on_water_one_cm":6909,"minecraft:total_world_time":100255,"minecraft:interact_with_furnace":11,"minecraft:traded_with_villager":4,"minecraft:sleep_in_bed":3,"minecraft:time_since_rest":6700,"minecraft:damage_taken":1734,"minecraft:damage_dealt":19802,"minecraft:fly_one_cm":228509,"minecraft:swim_one_cm":7713,"minecraft:open_chest":6,"minecraft:crouch_one_cm":402,"minecraft:fall_one_cm":37613},"minecraft:dropped":{"simplyswords:iron_greataxe":2,"simplyswords:iron_halberd":1,"minecraft:torch":13,"minecraft:iron_shovel":1,"minecraft:dandelion":1,"minecraft:iron_nugget":2,"minecraft:cobbled_deepslate":6,"minecraft:oak_planks":64,"minecraft:iron_boots":1,"sophisticatedbackpacks:backpack":1,"minecraft:salmon":1,"minecraft:diamond_chestplate":2,"minecraft:raw_gold":1,"simplyswords:iron_warglaive":1},"minecraft:killed":{"minecraft:cave_spider":3,"minecraft:spider":13,"creeperoverhaul:snowy_creeper":13,"minecraft:skeleton":6,"minecraft:chicken":6,"minecraft:silverfish":5,"minecraft:pig":6,"minecraft:salmon":5,"minecraft:iron_golem":1,"minecraft:creeper":4,"minecraft:sheep":22,"minecraft:zombie":27,"minecraft:stray":6,"minecraft:villager":1,"minecraft:cow":21},"minecraft:used":{"simplyswords:iron_warglaive":1,"minecraft:shield":57,"minecraft:cooked_salmon":1,"minecraft:rotten_flesh":3,"minecraft:iron_chestplate":1,"minecraft:torch":56,"minecraft:mutton":1,"minecraft:carrot":1,"minecraft:granite":4,"minecraft:iron_axe":72,"minecraft:iron_helmet":1,"minecraft:iron_boots":1,"minecraft:golden_carrot":3,"simplyswords:iron_scythe":15,"minecraft:furnace":3,"minecraft:cooked_beef":3,"minecraft:potato":1,"minecraft:iron_leggings":1,"minecraft:diamond_boots":1,"comforts:sleeping_bag_black":2,"minecraft:oak_planks":1,"minecraft:fletching_table":5,"minecraft:salmon":3,"simplyswords:iron_chakram":2,"minecraft:crafting_table":6,"simplyswords:iron_greataxe":110,"simplyswords:iron_halberd":115,"minecraft:spider_eye":1,"minecraft:bread":10,"minecraft:iron_pickaxe":190,"minecraft:gravel":18,"minecraft:diamond_sword":78,"minecraft:cooked_porkchop":6,"minecraft:andesite":10,"simplyswords:iron_glaive":25}},"DataVersion":3465}