{"stats":{"minecraft:crafted":{"minecraft:oak_planks":124,"minecraft:cooked_porkchop":6,"minecraft:iron_nugget":9,"minecraft:crafting_table":1,"simplyswords:iron_chakram":1,"simplyswords:iron_halberd":1,"minecraft:furnace":1,"minecraft:cooked_salmon":1,"simplyswords:iron_warglaive":1,"simplyswords:iron_glaive":1,"simplyswords:iron_greataxe":1,"simplyswords:iron_scythe":1,"minecraft:shield":1,"minecraft:iron_axe":1,"minecraft:stick":32,"minecraft:iron_pickaxe":1,"minecraft:iron_leggings":1,"minecraft:torch":68},"minecraft:picked_up":{"minecraft:iron_chestplate":1,"minecraft:crafting_table":3,"minecraft:golden_carrot":3,"minecraft:andesite":16,"minecraft:salmon":5,"minecraft:diamond_sword":1,"minecraft:oak_log":31,"minecraft:gunpowder":7,"minecraft:dirt":5,"minecraft:string":22,"minecraft:raw_copper":56,"minecraft:iron_shovel":1,"minecraft:bone":1,"minecraft:cobbled_deepslate":3,"comforts:sleeping_bag_black":3,"simplyswords:iron_warglaive":1,"minecraft:raw_gold":1,"minecraft:iron_ingot":68,"minecraft:oak_planks":8,"minecraft:iron_boots":1,"minecraft:furnace":2,"minecraft:raw_iron":5,"minecraft:torch":1,"minecraft:dandelion":1,"minecraft:gravel":1,"minecraft:porkchop":6,"simplyswords:iron_halberd":1,"minecraft:carrot":1,"minecraft:spider_eye":4,"minecraft:arrow":5,"minecraft:rotten_flesh":3,"minecraft:diamond":2,"minecraft:iron_helmet":1,"minecraft:granite":3,"minecraft:mutton":1,"minecraft:coal":103,"minecraft:white_wool":1,"minecraft:cobblestone":53},"minecraft:mined":{"minecraft:deepslate_diamond_ore":2,"minecraft:dandelion":1,"minecraft:crafting_table":4,"minecraft:granite":3,"minecraft:cobblestone":1,"minecraft:tall_grass":2,"minecraft:copper_ore":16,"minecraft:deepslate_gold_ore":1,"minecraft:oak_planks":9,"minecraft:tall_seagrass":1,"minecraft:furnace":2,"minecraft:iron_ore":5,"minecraft:andesite":17,"minecraft:grass":3,"minecraft:oak_log":31,"minecraft:coal_ore":49,"minecraft:gravel":1,"minecraft:dirt":5,"minecraft:cobweb":9,"minecraft:stone":56,"minecraft:deepslate":3},"minecraft:custom":{"minecraft:interact_with_furnace":8,"minecraft:mob_kills":43,"minecraft:interact_with_crafting_table":14,"minecraft:time_since_death":52255,"minecraft:sleep_in_bed":2,"minecraft:climb_one_cm":62,"minecraft:time_since_rest":18434,"minecraft:sprint_one_cm":124226,"minecraft:damage_taken":1168,"minecraft:walk_one_cm":185619,"minecraft:damage_blocked_by_shield":495,"minecraft:drop":3,"minecraft:damage_dealt":6359,"minecraft:swim_one_cm":7713,"minecraft:talked_to_villager":2,"minecraft:fly_one_cm":91403,"minecraft:open_chest":2,"minecraft:crouch_one_cm":402,"minecraft:play_time":52255,"minecraft:sneak_time":181,"minecraft:walk_under_water_one_cm":9314,"minecraft:jump":684,"minecraft:walk_on_water_one_cm":5383,"minecraft:total_world_time":52255,"minecraft:fall_one_cm":15987},"minecraft:dropped":{"simplyswords:iron_halberd":1,"minecraft:salmon":1,"simplyswords:iron_warglaive":1},"minecraft:killed":{"minecraft:cave_spider":3,"minecraft:pig":4,"minecraft:salmon":5,"minecraft:spider":8,"minecraft:iron_golem":1,"minecraft:creeper":4,"minecraft:sheep":1,"minecraft:skeleton":4,"minecraft:zombie":5,"minecraft:silverfish":5},"minecraft:used":{"comforts:sleeping_bag_black":2,"simplyswords:iron_warglaive":1,"minecraft:shield":27,"minecraft:cooked_salmon":1,"minecraft:rotten_flesh":3,"minecraft:iron_chestplate":1,"minecraft:salmon":3,"minecraft:torch":56,"minecraft:mutton":1,"simplyswords:iron_chakram":2,"minecraft:crafting_table":4,"minecraft:spider_eye":1,"simplyswords:iron_greataxe":1,"minecraft:carrot":1,"simplyswords:iron_halberd":63,"minecraft:granite":3,"minecraft:iron_axe":40,"minecraft:bread":2,"minecraft:iron_pickaxe":162,"minecraft:iron_helmet":1,"minecraft:iron_boots":1,"minecraft:diamond_sword":9,"simplyswords:iron_scythe":15,"minecraft:golden_carrot":3,"minecraft:furnace":2,"minecraft:cooked_porkchop":6,"minecraft:andesite":10,"simplyswords:iron_glaive":11,"minecraft:iron_leggings":1}},"DataVersion":3465}