{"stats":{"minecraft:crafted":{"simplyswords:iron_greataxe":1,"simplyswords:iron_scythe":1,"minecraft:oak_planks":20,"minecraft:iron_axe":1,"minecraft:shield":1,"minecraft:crafting_table":1,"minecraft:iron_nugget":9,"simplyswords:iron_chakram":1,"minecraft:stick":20,"simplyswords:iron_halberd":1,"simplyswords:iron_warglaive":1,"simplyswords:iron_glaive":1},"minecraft:picked_up":{"minecraft:crafting_table":2,"minecraft:iron_chestplate":1,"minecraft:golden_carrot":3,"minecraft:dandelion":1,"minecraft:diamond_sword":1,"minecraft:oak_log":5,"minecraft:string":5,"simplyswords:iron_warglaive":1,"minecraft:iron_helmet":1,"minecraft:iron_ingot":64,"minecraft:iron_boots":1},"minecraft:mined":{"minecraft:dandelion":1,"minecraft:crafting_table":2,"minecraft:grass":3,"minecraft:oak_log":5,"minecraft:tall_grass":2},"minecraft:custom":{"minecraft:time_since_rest":10255,"minecraft:sprint_one_cm":25771,"minecraft:damage_taken":221,"minecraft:walk_one_cm":23986,"minecraft:drop":1,"minecraft:damage_dealt":117,"minecraft:talked_to_villager":2,"minecraft:swim_one_cm":1624,"minecraft:interact_with_crafting_table":8,"minecraft:fly_one_cm":29687,"minecraft:open_chest":2,"minecraft:play_time":10255,"minecraft:walk_under_water_one_cm":1265,"minecraft:jump":131,"minecraft:time_since_death":10255,"minecraft:walk_on_water_one_cm":1193,"minecraft:total_world_time":10255,"minecraft:fall_one_cm":2692},"minecraft:dropped":{"simplyswords:iron_warglaive":1},"minecraft:used":{"minecraft:iron_axe":2,"minecraft:iron_helmet":1,"simplyswords:iron_warglaive":1,"minecraft:iron_boots":1,"minecraft:iron_chestplate":1,"minecraft:golden_carrot":2,"minecraft:crafting_table":2,"simplyswords:iron_greataxe":1,"simplyswords:iron_halberd":3}},"DataVersion":3465}