{"stats":{"minecraft:crafted":{"simplyswords:iron_greataxe":1,"simplyswords:iron_scythe":1,"minecraft:oak_planks":20,"minecraft:iron_axe":1,"minecraft:shield":1,"minecraft:crafting_table":1,"minecraft:iron_nugget":9,"simplyswords:iron_chakram":1,"minecraft:stick":20,"minecraft:iron_pickaxe":1,"simplyswords:iron_halberd":1,"minecraft:iron_leggings":1,"minecraft:torch":20,"simplyswords:iron_warglaive":1,"simplyswords:iron_glaive":1},"minecraft:picked_up":{"minecraft:raw_iron":5,"minecraft:crafting_table":3,"minecraft:iron_chestplate":1,"minecraft:golden_carrot":3,"minecraft:salmon":5,"minecraft:dandelion":1,"minecraft:diamond_sword":1,"minecraft:porkchop":6,"minecraft:oak_log":31,"minecraft:string":5,"minecraft:raw_copper":56,"minecraft:arrow":2,"comforts:sleeping_bag_black":2,"simplyswords:iron_warglaive":1,"minecraft:granite":2,"minecraft:iron_helmet":1,"minecraft:iron_ingot":68,"minecraft:cobblestone":4,"minecraft:mutton":1,"minecraft:coal":41,"minecraft:white_wool":1,"minecraft:iron_boots":1},"minecraft:mined":{"minecraft:tall_seagrass":1,"minecraft:iron_ore":5,"minecraft:dandelion":1,"minecraft:crafting_table":3,"minecraft:granite":2,"minecraft:grass":3,"minecraft:coal_ore":44,"minecraft:oak_log":31,"minecraft:copper_ore":16,"minecraft:tall_grass":2,"minecraft:stone":4},"minecraft:custom":{"minecraft:time_since_rest":4722,"minecraft:sprint_one_cm":61506,"minecraft:damage_taken":408,"minecraft:walk_one_cm":45732,"minecraft:mob_kills":11,"minecraft:drop":2,"minecraft:damage_dealt":1537,"minecraft:talked_to_villager":2,"minecraft:swim_one_cm":7713,"minecraft:interact_with_crafting_table":13,"minecraft:fly_one_cm":43569,"minecraft:open_chest":2,"minecraft:play_time":22255,"minecraft:walk_under_water_one_cm":9314,"minecraft:jump":242,"minecraft:time_since_death":22255,"minecraft:walk_on_water_one_cm":4114,"minecraft:sleep_in_bed":1,"minecraft:total_world_time":22255,"minecraft:fall_one_cm":5859},"minecraft:dropped":{"simplyswords:iron_warglaive":1,"minecraft:salmon":1},"minecraft:killed":{"minecraft:sheep":1,"minecraft:pig":4,"minecraft:salmon":5,"minecraft:iron_golem":1},"minecraft:used":{"minecraft:iron_axe":29,"comforts:sleeping_bag_black":1,"minecraft:iron_pickaxe":71,"minecraft:iron_helmet":1,"simplyswords:iron_warglaive":1,"minecraft:iron_boots":1,"minecraft:torch":1,"minecraft:iron_chestplate":1,"minecraft:salmon":3,"minecraft:golden_carrot":3,"simplyswords:iron_chakram":2,"minecraft:crafting_table":3,"simplyswords:iron_greataxe":1,"simplyswords:iron_halberd":14,"simplyswords:iron_glaive":11,"minecraft:iron_leggings":1}},"DataVersion":3465}