{"stats":{"minecraft:crafted":{"minecraft:oak_planks":124,"minecraft:cooked_porkchop":6,"minecraft:iron_nugget":9,"minecraft:crafting_table":1,"simplyswords:iron_chakram":1,"simplyswords:iron_halberd":1,"minecraft:furnace":1,"simplyswords:iron_warglaive":1,"simplyswords:iron_glaive":1,"simplyswords:iron_greataxe":1,"simplyswords:iron_scythe":1,"minecraft:shield":1,"minecraft:iron_axe":1,"minecraft:stick":32,"minecraft:iron_pickaxe":1,"minecraft:iron_leggings":1,"minecraft:torch":68},"minecraft:picked_up":{"minecraft:iron_chestplate":1,"minecraft:crafting_table":3,"minecraft:golden_carrot":3,"minecraft:andesite":1,"minecraft:salmon":5,"minecraft:diamond_sword":1,"minecraft:oak_log":31,"minecraft:gunpowder":5,"minecraft:dirt":5,"minecraft:string":10,"minecraft:raw_copper":56,"minecraft:iron_shovel":1,"minecraft:cobbled_deepslate":3,"comforts:sleeping_bag_black":3,"simplyswords:iron_warglaive":1,"minecraft:raw_gold":1,"minecraft:iron_ingot":68,"minecraft:oak_planks":3,"minecraft:iron_boots":1,"minecraft:furnace":1,"minecraft:raw_iron":5,"minecraft:torch":1,"minecraft:dandelion":1,"minecraft:gravel":1,"minecraft:porkchop":6,"simplyswords:iron_halberd":1,"minecraft:carrot":1,"minecraft:spider_eye":2,"minecraft:arrow":2,"minecraft:diamond":2,"minecraft:iron_helmet":1,"minecraft:granite":3,"minecraft:mutton":1,"minecraft:coal":76,"minecraft:white_wool":1,"minecraft:cobblestone":49},"minecraft:mined":{"minecraft:deepslate_diamond_ore":2,"minecraft:dandelion":1,"minecraft:crafting_table":4,"minecraft:granite":3,"minecraft:cobblestone":1,"minecraft:tall_grass":2,"minecraft:copper_ore":16,"minecraft:deepslate_gold_ore":1,"minecraft:oak_planks":3,"minecraft:tall_seagrass":1,"minecraft:furnace":1,"minecraft:iron_ore":5,"minecraft:andesite":1,"minecraft:grass":3,"minecraft:oak_log":31,"minecraft:coal_ore":44,"minecraft:gravel":1,"minecraft:dirt":5,"minecraft:stone":52,"minecraft:deepslate":3},"minecraft:custom":{"minecraft:interact_with_furnace":6,"minecraft:mob_kills":31,"minecraft:interact_with_crafting_table":14,"minecraft:time_since_death":40255,"minecraft:sleep_in_bed":2,"minecraft:climb_one_cm":62,"minecraft:time_since_rest":6434,"minecraft:sprint_one_cm":105967,"minecraft:damage_taken":1013,"minecraft:walk_one_cm":130524,"minecraft:drop":3,"minecraft:damage_dealt":4510,"minecraft:swim_one_cm":7713,"minecraft:talked_to_villager":2,"minecraft:fly_one_cm":64200,"minecraft:open_chest":2,"minecraft:crouch_one_cm":335,"minecraft:play_time":40255,"minecraft:sneak_time":91,"minecraft:walk_under_water_one_cm":9314,"minecraft:jump":549,"minecraft:walk_on_water_one_cm":4114,"minecraft:total_world_time":40255,"minecraft:fall_one_cm":11296},"minecraft:dropped":{"simplyswords:iron_halberd":1,"minecraft:salmon":1,"simplyswords:iron_warglaive":1},"minecraft:killed":{"minecraft:cave_spider":2,"minecraft:pig":4,"minecraft:salmon":5,"minecraft:spider":3,"minecraft:iron_golem":1,"minecraft:creeper":3,"minecraft:sheep":1,"minecraft:skeleton":1,"minecraft:zombie":4,"minecraft:silverfish":5},"minecraft:used":{"comforts:sleeping_bag_black":2,"simplyswords:iron_warglaive":1,"minecraft:iron_chestplate":1,"minecraft:salmon":3,"minecraft:torch":36,"minecraft:mutton":1,"simplyswords:iron_chakram":2,"minecraft:crafting_table":4,"minecraft:spider_eye":1,"simplyswords:iron_greataxe":1,"minecraft:carrot":1,"simplyswords:iron_halberd":42,"minecraft:granite":2,"minecraft:iron_axe":34,"minecraft:iron_pickaxe":135,"minecraft:iron_helmet":1,"minecraft:iron_boots":1,"simplyswords:iron_scythe":15,"minecraft:golden_carrot":3,"minecraft:furnace":2,"minecraft:cooked_porkchop":6,"simplyswords:iron_glaive":11,"minecraft:iron_leggings":1}},"DataVersion":3465}