{"stats":{"minecraft:crafted":{"minecraft:cooked_beef":5,"minecraft:oak_planks":124,"sophisticatedbackpacks:backpack":1,"minecraft:cooked_porkchop":6,"minecraft:iron_nugget":9,"minecraft:crafting_table":3,"simplyswords:iron_chakram":1,"simplyswords:iron_halberd":1,"minecraft:furnace":1,"minecraft:cooked_salmon":1,"sophisticatedbackpacks:crafting_upgrade":1,"simplyswords:iron_warglaive":1,"sophisticatedbackpacks:upgrade_base":1,"simplyswords:iron_glaive":1,"simplyswords:iron_greataxe":1,"simplyswords:iron_scythe":1,"minecraft:shield":1,"minecraft:iron_axe":1,"minecraft:stick":32,"minecraft:iron_pickaxe":1,"minecraft:chest":2,"minecraft:iron_leggings":1,"minecraft:torch":68,"sophisticatedbackpacks:iron_backpack":1},"minecraft:picked_up":{"minecraft:iron_chestplate":1,"minecraft:crafting_table":4,"minecraft:feather":4,"minecraft:chicken":6,"minecraft:golden_carrot":3,"minecraft:andesite":16,"minecraft:salmon":5,"minecraft:leather":26,"minecraft:diamond_sword":1,"minecraft:potato":1,"minecraft:oak_log":31,"minecraft:gunpowder":7,"minecraft:dirt":5,"minecraft:string":28,"minecraft:raw_copper":56,"minecraft:iron_shovel":1,"minecraft:bone":8,"minecraft:bow":2,"minecraft:diamond_leggings":1,"minecraft:cobbled_deepslate":6,"comforts:sleeping_bag_black":3,"simplyswords:iron_warglaive":1,"minecraft:raw_gold":1,"minecraft:beef":38,"minecraft:iron_ingot":68,"minecraft:light_gray_wool":2,"minecraft:iron_nugget":1,"minecraft:diamond_helmet":1,"minecraft:oak_planks":38,"minecraft:tipped_arrow":3,"minecraft:iron_boots":1,"minecraft:furnace":3,"minecraft:raw_iron":5,"simplyswords:iron_greataxe":2,"minecraft:torch":14,"minecraft:dandelion":2,"sophisticatedbackpacks:backpack":1,"minecraft:gravel":3,"minecraft:porkchop":9,"simplyswords:iron_halberd":1,"minecraft:spruce_sapling":4,"minecraft:carrot":1,"minecraft:spider_eye":5,"minecraft:diamond_chestplate":2,"minecraft:arrow":13,"minecraft:rotten_flesh":28,"minecraft:diamond":2,"minecraft:diamond_boots":1,"minecraft:iron_helmet":1,"minecraft:granite":4,"minecraft:black_wool":2,"minecraft:mutton":31,"minecraft:coal":129,"minecraft:white_wool":27,"minecraft:cobblestone":53},"minecraft:mined":{"minecraft:spruce_planks":1,"minecraft:deepslate_diamond_ore":2,"minecraft:dandelion":1,"minecraft:crafting_table":5,"minecraft:granite":4,"minecraft:cobblestone":1,"minecraft:tall_grass":7,"minecraft:copper_ore":16,"minecraft:spruce_leaves":48,"minecraft:deepslate_gold_ore":1,"minecraft:oak_planks":9,"minecraft:large_fern":3,"minecraft:tall_seagrass":1,"minecraft:furnace":3,"minecraft:iron_ore":5,"minecraft:andesite":17,"minecraft:grass":11,"minecraft:oak_log":31,"minecraft:coal_ore":49,"minecraft:dripstone_block":2,"minecraft:gravel":3,"minecraft:dirt":5,"minecraft:cobweb":9,"minecraft:stone":56,"minecraft:deepslate":3},"minecraft:custom":{"minecraft:interact_with_furnace":11,"minecraft:mob_kills":137,"minecraft:interact_with_crafting_table":20,"minecraft:time_since_death":88255,"minecraft:sleep_in_bed":2,"minecraft:climb_one_cm":62,"minecraft:time_since_rest":54434,"minecraft:sprint_one_cm":237201,"minecraft:damage_taken":1685,"minecraft:walk_one_cm":291843,"minecraft:damage_blocked_by_shield":1206,"minecraft:drop":20,"minecraft:damage_dealt":18882,"minecraft:swim_one_cm":7713,"minecraft:talked_to_villager":2,"minecraft:fly_one_cm":218069,"minecraft:open_chest":2,"minecraft:crouch_one_cm":402,"minecraft:play_time":88255,"minecraft:sneak_time":195,"minecraft:walk_under_water_one_cm":9592,"minecraft:jump":1343,"minecraft:walk_on_water_one_cm":6114,"minecraft:total_world_time":88255,"minecraft:fall_one_cm":37135},"minecraft:dropped":{"minecraft:iron_nugget":2,"minecraft:cobbled_deepslate":6,"simplyswords:iron_greataxe":2,"minecraft:oak_planks":64,"minecraft:iron_boots":1,"sophisticatedbackpacks:backpack":1,"simplyswords:iron_halberd":1,"minecraft:salmon":1,"minecraft:diamond_chestplate":2,"minecraft:torch":13,"minecraft:raw_gold":1,"minecraft:iron_shovel":1,"simplyswords:iron_warglaive":1,"minecraft:dandelion":1},"minecraft:killed":{"minecraft:cave_spider":3,"minecraft:pig":5,"minecraft:salmon":5,"minecraft:spider":13,"minecraft:iron_golem":1,"minecraft:creeper":4,"creeperoverhaul:snowy_creeper":13,"minecraft:sheep":22,"minecraft:skeleton":6,"minecraft:zombie":26,"minecraft:chicken":6,"minecraft:stray":6,"minecraft:silverfish":5,"minecraft:cow":19},"minecraft:used":{"minecraft:diamond_boots":1,"comforts:sleeping_bag_black":2,"minecraft:oak_planks":1,"simplyswords:iron_warglaive":1,"minecraft:shield":56,"minecraft:cooked_salmon":1,"minecraft:rotten_flesh":3,"minecraft:iron_chestplate":1,"minecraft:salmon":3,"minecraft:torch":56,"minecraft:mutton":1,"simplyswords:iron_chakram":2,"minecraft:crafting_table":6,"minecraft:spider_eye":1,"simplyswords:iron_greataxe":104,"minecraft:carrot":1,"simplyswords:iron_halberd":115,"minecraft:granite":4,"minecraft:iron_axe":42,"minecraft:bread":10,"minecraft:iron_pickaxe":168,"minecraft:iron_helmet":1,"minecraft:iron_boots":1,"minecraft:diamond_sword":70,"simplyswords:iron_scythe":15,"minecraft:golden_carrot":3,"minecraft:furnace":3,"minecraft:cooked_porkchop":6,"minecraft:andesite":10,"simplyswords:iron_glaive":25,"minecraft:cooked_beef":2,"minecraft:potato":1,"minecraft:iron_leggings":1}},"DataVersion":3465}