{"stats":{"minecraft:mined":{"minecraft:deepslate_diamond_ore":1,"minecraft:iron_ore":17,"minecraft:cobbled_deepslate":4,"minecraft:spruce_log":6,"minecraft:brewing_stand":1,"minecraft:crafting_table":2,"minecraft:granite":2,"minecraft:grass":3,"minecraft:coal_ore":54,"minecraft:deepslate_iron_ore":11,"minecraft:tall_grass":5,"minecraft:cobblestone":1,"minecraft:stone":9,"minecraft:deepslate":9,"minecraft:fern":1},"minecraft:used":{"minecraft:bread":4,"minecraft:stone_pickaxe":97,"minecraft:iron_pickaxe":10,"minecraft:wooden_pickaxe":4,"minecraft:torch":3,"minecraft:golden_carrot":2,"minecraft:cobblestone":1,"minecraft:mutton":2,"minecraft:crafting_table":3,"minecraft:furnace":1,"comforts:sleeping_bag_white":1,"minecraft:cobbled_deepslate":8,"minecraft:granite":2},"minecraft:custom":{"minecraft:time_since_rest":10538,"minecraft:interact_with_furnace":5,"minecraft:sprint_one_cm":54777,"minecraft:damage_taken":390,"minecraft:walk_one_cm":49381,"minecraft:mob_kills":1,"minecraft:drop":5,"minecraft:damage_dealt":80,"minecraft:swim_one_cm":5169,"minecraft:interact_with_crafting_table":4,"minecraft:fly_one_cm":93602,"minecraft:crouch_one_cm":7761,"minecraft:play_time":29709,"minecraft:bell_ring":6,"minecraft:sneak_time":3061,"minecraft:walk_under_water_one_cm":968,"minecraft:jump":510,"minecraft:leave_game":1,"minecraft:walk_on_water_one_cm":2098,"minecraft:time_since_death":29709,"minecraft:sleep_in_bed":3,"minecraft:total_world_time":29709,"minecraft:fall_one_cm":15563},"minecraft:picked_up":{"minecraft:crafting_table":2,"minecraft:raw_iron":28,"minecraft:golden_carrot":2,"minecraft:brewing_stand":1,"minecraft:spruce_log":6,"minecraft:diamond":1,"minecraft:wheat_seeds":2,"minecraft:cobbled_deepslate":13,"comforts:sleeping_bag_white":2,"minecraft:granite":2,"minecraft:gray_wool":1,"minecraft:mutton":2,"minecraft:coal":54,"minecraft:cobblestone":10},"minecraft:dropped":{"minecraft:gray_wool":1,"minecraft:wheat_seeds":2,"minecraft:stone_pickaxe":1,"minecraft:wooden_pickaxe":1},"minecraft:crafted":{"minecraft:crafting_table":1,"minecraft:spruce_planks":24,"minecraft:stick":12,"minecraft:iron_ingot":6,"minecraft:wooden_pickaxe":1,"minecraft:iron_pickaxe":1,"minecraft:stone_pickaxe":1,"minecraft:furnace":1,"minecraft:stone":3,"minecraft:torch":12},"minecraft:killed":{"minecraft:sheep":1}},"DataVersion":3465}