{"stats":{"minecraft:mined":{"minecraft:grass":3,"minecraft:iron_ore":1,"minecraft:cobblestone":1,"minecraft:spruce_log":6,"minecraft:stone":4,"minecraft:crafting_table":2},"minecraft:used":{"minecraft:cobblestone":1,"minecraft:crafting_table":2,"minecraft:stone_pickaxe":4,"minecraft:wooden_pickaxe":4},"minecraft:custom":{"minecraft:time_since_rest":255,"minecraft:crouch_one_cm":383,"minecraft:play_time":5710,"minecraft:sprint_one_cm":11709,"minecraft:damage_taken":150,"minecraft:walk_one_cm":6999,"minecraft:sneak_time":524,"minecraft:walk_under_water_one_cm":225,"minecraft:mob_kills":1,"minecraft:jump":99,"minecraft:damage_dealt":80,"minecraft:walk_on_water_one_cm":713,"minecraft:time_since_death":5710,"minecraft:sleep_in_bed":2,"minecraft:total_world_time":5710,"minecraft:swim_one_cm":3035,"minecraft:fall_one_cm":1521,"minecraft:interact_with_crafting_table":2,"minecraft:fly_one_cm":24037},"minecraft:picked_up":{"minecraft:raw_iron":1,"minecraft:crafting_table":2,"minecraft:gray_wool":1,"minecraft:spruce_log":6,"minecraft:mutton":2,"minecraft:cobblestone":5},"minecraft:crafted":{"minecraft:crafting_table":1,"minecraft:spruce_planks":24,"minecraft:stick":4,"minecraft:wooden_pickaxe":1,"minecraft:stone_pickaxe":1},"minecraft:killed":{"minecraft:sheep":1}},"DataVersion":3465}