{"stats":{"minecraft:mined":{"minecraft:deepslate_diamond_ore":1,"minecraft:brewing_stand":1,"minecraft:crafting_table":4,"minecraft:granite":2,"minecraft:blast_furnace":2,"minecraft:grass_block":46,"minecraft:tall_grass":17,"minecraft:cobblestone":2,"minecraft:deepslate_gold_ore":3,"minecraft:oak_planks":7,"minecraft:wall_torch":3,"minecraft:furnace":1,"minecraft:iron_ore":128,"minecraft:wheat":5,"minecraft:cobbled_deepslate":8,"minecraft:spruce_log":6,"minecraft:andesite":12,"minecraft:grass":23,"minecraft:potatoes":1,"minecraft:coal_ore":56,"minecraft:deepslate_iron_ore":25,"minecraft:gravel":47,"minecraft:dirt":1,"minecraft:stone":37,"minecraft:deepslate":15,"minecraft:fern":1},"minecraft:used":{"minecraft:iron_shovel":100,"minecraft:stone_pickaxe":97,"minecraft:oak_planks":12,"minecraft:shield":6,"minecraft:wooden_pickaxe":4,"minecraft:torch":3,"minecraft:anvil":1,"minecraft:mutton":2,"simplyswords:iron_katana":7,"minecraft:crafting_table":4,"minecraft:blast_furnace":2,"minecraft:granite":2,"minecraft:iron_axe":66,"minecraft:bread":10,"minecraft:iron_pickaxe":195,"minecraft:cobblestone":1,"minecraft:golden_carrot":5,"minecraft:furnace":1,"minecraft:andesite":1,"comforts:sleeping_bag_white":4,"minecraft:cobbled_deepslate":18},"minecraft:custom":{"minecraft:interact_with_furnace":11,"minecraft:mob_kills":27,"minecraft:interact_with_crafting_table":20,"minecraft:bell_ring":6,"minecraft:leave_game":1,"minecraft:time_since_death":65709,"minecraft:sleep_in_bed":6,"minecraft:climb_one_cm":206,"minecraft:time_since_rest":5566,"minecraft:sprint_one_cm":113205,"minecraft:damage_taken":1443,"minecraft:walk_one_cm":136763,"minecraft:damage_blocked_by_shield":518,"minecraft:drop":24,"minecraft:damage_dealt":4345,"minecraft:talked_to_villager":3,"minecraft:swim_one_cm":5169,"minecraft:fly_one_cm":179829,"minecraft:open_chest":5,"minecraft:crouch_one_cm":24780,"minecraft:play_time":65709,"minecraft:sneak_time":7797,"minecraft:walk_under_water_one_cm":968,"minecraft:jump":1108,"minecraft:interact_with_blast_furnace":19,"minecraft:walk_on_water_one_cm":2098,"minecraft:total_world_time":65709,"minecraft:fall_one_cm":29152},"minecraft:picked_up":{"simplyswords:iron_katana":1,"minecraft:crafting_table":4,"minecraft:wheat":5,"minecraft:golden_carrot":7,"minecraft:andesite":12,"minecraft:potato":5,"minecraft:flint":15,"minecraft:brewing_stand":1,"minecraft:dirt":44,"minecraft:string":3,"minecraft:iron_shovel":2,"minecraft:bone":4,"minecraft:wheat_seeds":21,"minecraft:cobbled_deepslate":23,"minecraft:raw_gold":3,"comforts:sleeping_bag_white":5,"minecraft:iron_ingot":12,"minecraft:iron_pickaxe":1,"minecraft:oak_planks":227,"minecraft:furnace":1,"minecraft:stick":2,"minecraft:raw_iron":153,"minecraft:torch":4,"minecraft:gravel":44,"minecraft:blast_furnace":2,"minecraft:spruce_log":6,"minecraft:arrow":4,"minecraft:rotten_flesh":14,"minecraft:diamond":1,"minecraft:granite":2,"minecraft:gray_wool":1,"minecraft:mutton":2,"minecraft:coal":176,"minecraft:cobblestone":41},"minecraft:dropped":{"minecraft:gravel":44,"minecraft:iron_ingot":4,"minecraft:wheat_seeds":21,"hangglider:hang_glider":1,"simplyswords:iron_katana":2,"minecraft:rotten_flesh":7,"minecraft:stick":2,"minecraft:dirt":44,"minecraft:potato":5,"minecraft:gray_wool":1,"minecraft:andesite":11,"minecraft:arrow":4,"minecraft:stone_pickaxe":1,"minecraft:wooden_pickaxe":1,"minecraft:iron_pickaxe":1,"minecraft:iron_shovel":1,"minecraft:bone":4},"minecraft:crafted":{"minecraft:smooth_stone":3,"minecraft:iron_nugget":9,"minecraft:crafting_table":1,"simplyswords:iron_katana":1,"minecraft:spruce_planks":24,"minecraft:wooden_pickaxe":1,"minecraft:iron_helmet":1,"simplyswords:iron_halberd":1,"minecraft:furnace":1,"minecraft:blast_furnace":1,"minecraft:stone":3,"minecraft:air":0,"minecraft:iron_boots":1,"minecraft:iron_chestplate":1,"minecraft:shield":1,"minecraft:iron_axe":1,"minecraft:stick":16,"minecraft:iron_ingot":153,"minecraft:iron_pickaxe":1,"minecraft:stone_pickaxe":1,"minecraft:iron_block":3,"minecraft:iron_leggings":1,"minecraft:anvil":1,"minecraft:torch":12},"minecraft:killed":{"minecraft:cave_spider":1,"minecraft:spider":4,"minecraft:iron_golem":1,"minecraft:sheep":1,"minecraft:skeleton":4,"minecraft:zombie":12,"minecraft:silverfish":4}},"DataVersion":3465}