{"stats":{"minecraft:mined":{"minecraft:deepslate_diamond_ore":1,"minecraft:brewing_stand":1,"minecraft:crafting_table":3,"minecraft:granite":2,"minecraft:blast_furnace":1,"minecraft:tall_grass":5,"minecraft:cobblestone":1,"minecraft:deepslate_gold_ore":3,"minecraft:wall_torch":3,"minecraft:furnace":1,"minecraft:iron_ore":58,"minecraft:cobbled_deepslate":8,"minecraft:spruce_log":6,"minecraft:andesite":11,"minecraft:grass":3,"minecraft:coal_ore":54,"minecraft:deepslate_iron_ore":24,"minecraft:stone":9,"minecraft:deepslate":15,"minecraft:fern":1},"minecraft:used":{"minecraft:stone_pickaxe":97,"minecraft:wooden_pickaxe":4,"minecraft:torch":3,"minecraft:mutton":2,"minecraft:crafting_table":3,"minecraft:blast_furnace":1,"minecraft:granite":2,"minecraft:iron_axe":44,"minecraft:bread":9,"minecraft:iron_pickaxe":90,"minecraft:cobblestone":1,"minecraft:golden_carrot":2,"minecraft:furnace":1,"comforts:sleeping_bag_white":2,"minecraft:cobbled_deepslate":13},"minecraft:custom":{"minecraft:interact_with_furnace":11,"minecraft:mob_kills":18,"minecraft:interact_with_crafting_table":10,"minecraft:bell_ring":6,"minecraft:leave_game":1,"minecraft:time_since_death":41709,"minecraft:sleep_in_bed":4,"minecraft:time_since_rest":9109,"minecraft:sprint_one_cm":66453,"minecraft:damage_taken":1056,"minecraft:walk_one_cm":78088,"minecraft:drop":5,"minecraft:damage_dealt":3206,"minecraft:swim_one_cm":5169,"minecraft:fly_one_cm":114879,"minecraft:crouch_one_cm":12376,"minecraft:play_time":41709,"minecraft:sneak_time":4956,"minecraft:walk_under_water_one_cm":968,"minecraft:jump":748,"minecraft:interact_with_blast_furnace":6,"minecraft:walk_on_water_one_cm":2098,"minecraft:total_world_time":41709,"minecraft:fall_one_cm":19868},"minecraft:picked_up":{"minecraft:crafting_table":3,"minecraft:golden_carrot":2,"minecraft:andesite":11,"minecraft:brewing_stand":1,"minecraft:string":1,"minecraft:bone":4,"minecraft:wheat_seeds":2,"minecraft:cobbled_deepslate":23,"minecraft:raw_gold":3,"comforts:sleeping_bag_white":3,"minecraft:furnace":1,"minecraft:raw_iron":82,"minecraft:torch":3,"minecraft:blast_furnace":1,"minecraft:spruce_log":6,"minecraft:arrow":4,"minecraft:rotten_flesh":5,"minecraft:diamond":1,"minecraft:granite":2,"minecraft:gray_wool":1,"minecraft:mutton":2,"minecraft:coal":145,"minecraft:cobblestone":10},"minecraft:dropped":{"minecraft:wheat_seeds":2,"minecraft:gray_wool":1,"minecraft:stone_pickaxe":1,"minecraft:wooden_pickaxe":1},"minecraft:crafted":{"minecraft:smooth_stone":3,"minecraft:crafting_table":1,"minecraft:spruce_planks":24,"minecraft:wooden_pickaxe":1,"minecraft:iron_helmet":1,"minecraft:furnace":1,"minecraft:blast_furnace":1,"minecraft:stone":3,"minecraft:air":0,"minecraft:iron_boots":1,"minecraft:iron_chestplate":1,"minecraft:iron_axe":1,"minecraft:stick":12,"minecraft:iron_ingot":28,"minecraft:iron_pickaxe":1,"minecraft:stone_pickaxe":1,"minecraft:torch":12},"minecraft:killed":{"minecraft:cave_spider":1,"minecraft:spider":1,"minecraft:sheep":1,"minecraft:skeleton":4,"minecraft:zombie":11}},"DataVersion":3465}