{"stats":{"minecraft:mined":{"minecraft:iron_ore":8,"minecraft:spruce_log":6,"minecraft:brewing_stand":1,"minecraft:crafting_table":2,"minecraft:granite":2,"minecraft:grass":3,"minecraft:coal_ore":39,"minecraft:tall_grass":5,"minecraft:cobblestone":1,"minecraft:stone":5,"minecraft:fern":1},"minecraft:used":{"minecraft:stone_pickaxe":54,"minecraft:wooden_pickaxe":4,"minecraft:golden_carrot":2,"minecraft:cobblestone":1,"minecraft:mutton":2,"minecraft:crafting_table":2},"minecraft:custom":{"minecraft:time_since_rest":12254,"minecraft:sprint_one_cm":41042,"minecraft:damage_taken":230,"minecraft:walk_one_cm":18138,"minecraft:mob_kills":1,"minecraft:drop":3,"minecraft:damage_dealt":80,"minecraft:swim_one_cm":5169,"minecraft:interact_with_crafting_table":2,"minecraft:fly_one_cm":80707,"minecraft:crouch_one_cm":4065,"minecraft:play_time":17709,"minecraft:bell_ring":6,"minecraft:sneak_time":2014,"minecraft:walk_under_water_one_cm":968,"minecraft:jump":318,"minecraft:leave_game":1,"minecraft:walk_on_water_one_cm":2098,"minecraft:time_since_death":17709,"minecraft:sleep_in_bed":2,"minecraft:total_world_time":17709,"minecraft:fall_one_cm":6808},"minecraft:picked_up":{"minecraft:crafting_table":2,"minecraft:raw_iron":8,"minecraft:golden_carrot":2,"minecraft:brewing_stand":1,"minecraft:spruce_log":6,"minecraft:wheat_seeds":2,"comforts:sleeping_bag_white":1,"minecraft:granite":2,"minecraft:gray_wool":1,"minecraft:mutton":2,"minecraft:coal":39,"minecraft:cobblestone":6},"minecraft:dropped":{"minecraft:gray_wool":1,"minecraft:wheat_seeds":2},"minecraft:crafted":{"minecraft:crafting_table":1,"minecraft:spruce_planks":24,"minecraft:stick":4,"minecraft:wooden_pickaxe":1,"minecraft:stone_pickaxe":1},"minecraft:killed":{"minecraft:sheep":1}},"DataVersion":3465}