{"stats":{"minecraft:crafted":{"hangglider:glider_framework":1,"minecraft:smooth_stone":3,"minecraft:oak_planks":20,"minecraft:coal":27,"simplyswords:diamond_scythe":1,"minecraft:iron_nugget":9,"simplyswords:iron_katana":1,"hangglider:hang_glider":1,"minecraft:furnace":1,"minecraft:blast_furnace":1,"minecraft:stone":3,"sophisticatedbackpacks:crafting_upgrade":1,"hangglider:glider_wing":2,"minecraft:diamond_helmet":1,"minecraft:iron_boots":2,"minecraft:iron_axe":1,"minecraft:stone_pickaxe":1,"minecraft:chest":1,"minecraft:diamond_boots":1,"minecraft:netherite_scrap":1,"sophisticatedbackpacks:iron_backpack":1,"sophisticatedbackpacks:backpack":1,"minecraft:cooked_porkchop":11,"minecraft:crafting_table":2,"minecraft:spruce_planks":24,"minecraft:wooden_pickaxe":1,"minecraft:iron_helmet":2,"simplyswords:iron_halberd":1,"sophisticatedbackpacks:gold_backpack":1,"simplyswords:diamond_rapier":1,"minecraft:campfire":1,"sophisticatedbackpacks:upgrade_base":2,"minecraft:bread":1,"minecraft:air":0,"minecraft:iron_chestplate":2,"minecraft:shield":2,"sophisticatedbackpacks:diamond_backpack":1,"minecraft:stick":32,"minecraft:iron_ingot":161,"minecraft:iron_pickaxe":1,"minecraft:iron_block":3,"sophisticatedbackpacks:blasting_upgrade":1,"minecraft:iron_leggings":2,"minecraft:gold_ingot":110,"minecraft:anvil":1,"minecraft:netherite_ingot":1,"minecraft:torch":12,"minecraft:diamond_chestplate":1},"minecraft:picked_up":{"minecraft:charcoal":2,"minecraft:crafting_table":10,"minecraft:wheat":5,"minecraft:nether_brick_fence":2,"minecraft:smithing_table":1,"minecraft:gold_block":3,"minecraft:brewing_stand":1,"minecraft:string":18,"minecraft:soul_soil":3,"minecraft:iron_axe":1,"simplyswords:diamond_scythe":1,"minecraft:iron_shovel":2,"minecraft:blackstone":2,"minecraft:cartography_table":1,"minecraft:gold_nugget":38,"minecraft:cobbled_deepslate":415,"comforts:sleeping_bag_white":10,"minecraft:spruce_planks":3,"minecraft:smooth_quartz":14,"minecraft:iron_pickaxe":2,"minecraft:coal_block":3,"minecraft:chest":1,"minecraft:furnace":1,"minecraft:iron_boots":1,"minecraft:egg":1,"minecraft:stick":10,"minecraft:raw_iron":455,"minecraft:big_dripleaf":2,"minecraft:torch":4,"minecraft:spruce_fence":1,"minecraft:porkchop":20,"simplyswords:iron_halberd":1,"minecraft:stone_button":20,"minecraft:redstone":84,"minecraft:arrow":14,"minecraft:rotten_flesh":25,"minecraft:obsidian":14,"minecraft:mutton":2,"minecraft:bone_block":4,"minecraft:cobblestone":137,"simplyswords:iron_katana":1,"minecraft:feather":4,"minecraft:basalt":1,"minecraft:golden_carrot":7,"minecraft:andesite":13,"minecraft:leather":7,"minecraft:jungle_fence":4,"minecraft:smoker":4,"minecraft:potato":5,"minecraft:flint":17,"minecraft:tuff":13,"minecraft:oak_log":5,"minecraft:golden_boots":1,"minecraft:gunpowder":5,"minecraft:dirt":46,"minecraft:leather_boots":1,"minecraft:bone":12,"sophisticatedbackpacks:upgrade_base":1,"minecraft:wheat_seeds":24,"minecraft:raw_gold":87,"minecraft:iron_ingot":19,"minecraft:cooked_chicken":2,"minecraft:iron_ore":48,"minecraft:moss_block":1,"minecraft:oak_planks":231,"minecraft:cooked_porkchop":3,"minecraft:sweet_berries":3,"minecraft:quartz":4,"minecraft:gravel":46,"minecraft:sand":23,"minecraft:blast_furnace":7,"minecraft:white_bed":1,"minecraft:spruce_log":6,"minecraft:mossy_cobblestone":2,"minecraft:spider_eye":6,"minecraft:leather_helmet":6,"simplyswords:diamond_greathammer":1,"minecraft:diamond":212,"minecraft:granite":6,"minecraft:gray_wool":1,"minecraft:baked_potato":1,"minecraft:netherrack":181,"minecraft:coal":332,"minecraft:crimson_roots":5,"minecraft:diamond_pickaxe":2},"minecraft:mined":{"minecraft:tuff":13,"minecraft:mossy_cobblestone":2,"minecraft:deepslate_diamond_ore":94,"minecraft:brewing_stand":1,"minecraft:obsidian":15,"minecraft:granite":6,"minecraft:spruce_fence":1,"minecraft:grass_block":46,"minecraft:crimson_roots":4,"minecraft:weeping_vines":1,"minecraft:coal_block":3,"minecraft:soul_soil":9,"minecraft:spruce_leaves":2,"minecraft:moss_block":1,"minecraft:cartography_table":1,"minecraft:spawner":1,"minecraft:furnace":1,"minecraft:iron_ore":167,"minecraft:cobbled_deepslate":30,"minecraft:andesite":13,"minecraft:gold_block":2,"minecraft:nether_brick_fence":2,"minecraft:potatoes":1,"minecraft:cave_vines":2,"minecraft:deepslate_iron_ore":47,"minecraft:vine":1,"minecraft:stone":131,"minecraft:bone_block":1,"minecraft:smithing_table":1,"minecraft:deepslate_redstone_ore":15,"minecraft:soul_sand":1,"minecraft:crimson_nylium":2,"minecraft:smoker":2,"minecraft:soul_fire":9,"minecraft:basalt":1,"minecraft:crafting_table":10,"minecraft:blast_furnace":5,"minecraft:campfire":1,"minecraft:nether_quartz_ore":2,"minecraft:tall_grass":27,"minecraft:cobblestone":3,"minecraft:deepslate_gold_ore":14,"minecraft:oak_planks":7,"minecraft:wall_torch":3,"minecraft:big_dripleaf":1,"minecraft:wheat":5,"minecraft:sweet_berry_bush":1,"minecraft:spruce_log":6,"minecraft:jungle_fence":4,"minecraft:grass":27,"minecraft:oak_log":5,"minecraft:coal_ore":94,"minecraft:smooth_quartz":11,"minecraft:gravel":51,"minecraft:dirt":1,"minecraft:sand":23,"minecraft:small_dripleaf":1,"minecraft:netherrack":212,"minecraft:gold_ore":24,"minecraft:deepslate":381,"minecraft:fern":1},"minecraft:custom":{"minecraft:interact_with_smithing_table":7,"minecraft:interact_with_anvil":2,"minecraft:mob_kills":95,"minecraft:interact_with_crafting_table":46,"minecraft:open_barrel":68,"minecraft:interact_with_campfire":8,"minecraft:bell_ring":8,"minecraft:damage_dealt_resisted":93,"minecraft:leave_game":3,"minecraft:time_since_death":196737,"minecraft:climb_one_cm":4111,"minecraft:sprint_one_cm":439760,"minecraft:walk_one_cm":404075,"minecraft:damage_blocked_by_shield":3351,"minecraft:drop":103,"minecraft:damage_dealt_absorbed":104,"minecraft:talked_to_villager":3,"minecraft:play_time":196737,"minecraft:sneak_time":16519,"minecraft:walk_under_water_one_cm":5654,"minecraft:jump":2975,"minecraft:interact_with_blast_furnace":32,"minecraft:walk_on_water_one_cm":4272,"minecraft:total_world_time":196737,"minecraft:interact_with_furnace":11,"minecraft:sleep_in_bed":11,"minecraft:time_since_rest":39084,"minecraft:damage_absorbed":280,"minecraft:damage_taken":6000,"minecraft:damage_dealt":17887,"minecraft:swim_one_cm":20803,"minecraft:fly_one_cm":539811,"minecraft:open_chest":50,"minecraft:crouch_one_cm":51182,"minecraft:interact_with_smoker":3,"minecraft:fall_one_cm":89330},"minecraft:dropped":{"minecraft:iron_ingot":4,"minecraft:golden_boots":1,"minecraft:wheat_seeds":24,"minecraft:baked_potato":1,"minecraft:mossy_cobblestone":2,"minecraft:crafting_table":1,"minecraft:diamond":17,"minecraft:jungle_fence":4,"minecraft:cobblestone":109,"minecraft:granite":4,"simplyswords:iron_halberd":1,"minecraft:leather_helmet":5,"minecraft:stick":8,"minecraft:dirt":44,"minecraft:gray_wool":1,"minecraft:brewing_stand":1,"minecraft:stone_button":9,"minecraft:iron_leggings":2,"minecraft:sand":23,"minecraft:iron_axe":1,"minecraft:iron_pickaxe":3,"minecraft:iron_shovel":1,"minecraft:string":7,"minecraft:bone":8,"minecraft:gravel":46,"minecraft:cobbled_deepslate":336,"minecraft:soul_soil":2,"hangglider:hang_glider":1,"minecraft:iron_nugget":8,"simplyswords:iron_katana":2,"minecraft:tuff":12,"minecraft:obsidian":2,"minecraft:rotten_flesh":14,"minecraft:iron_boots":1,"minecraft:white_bed":1,"minecraft:spruce_fence":1,"minecraft:big_dripleaf":2,"minecraft:potato":5,"minecraft:gunpowder":3,"minecraft:spruce_planks":3,"minecraft:diamond_pickaxe":2,"minecraft:iron_chestplate":1,"minecraft:andesite":11,"minecraft:leather_boots":1,"minecraft:spider_eye":1,"simplyswords:diamond_greathammer":1,"simplyswords:diamond_scythe":1,"minecraft:iron_ore":48,"minecraft:basalt":1,"minecraft:arrow":11,"minecraft:stone_pickaxe":1,"minecraft:wooden_pickaxe":1,"minecraft:quartz":4,"minecraft:netherrack":168},"minecraft:killed":{"minecraft:cave_spider":3,"minecraft:spider":15,"minecraft:skeleton":13,"minecraft:chicken":2,"minecraft:silverfish":5,"minecraft:magma_cube":6,"minecraft:piglin":7,"minecraft:iron_golem":1,"minecraft:bat":1,"minecraft:hoglin":6,"minecraft:creeper":6,"minecraft:sheep":1,"minecraft:zombie":25},"minecraft:broken":{"minecraft:shield":1,"minecraft:iron_helmet":1},"minecraft:used":{"minecraft:iron_shovel":136,"minecraft:shield":74,"minecraft:iron_sword":12,"minecraft:cooked_chicken":2,"minecraft:rotten_flesh":7,"minecraft:netherrack":13,"minecraft:torch":9,"simplyswords:diamond_rapier":10,"minecraft:mutton":2,"minecraft:anvil":1,"simplyswords:iron_katana":7,"minecraft:granite":2,"minecraft:obsidian":12,"simplyswords:diamond_scythe":39,"minecraft:iron_axe":102,"simplyswords:diamond_greathammer":67,"minecraft:iron_boots":2,"minecraft:crimson_roots":1,"minecraft:golden_carrot":7,"minecraft:soul_soil":1,"minecraft:furnace":1,"minecraft:egg":1,"comforts:sleeping_bag_white":9,"minecraft:cobbled_deepslate":20,"minecraft:iron_ore":48,"minecraft:baked_potato":26,"minecraft:oak_planks":12,"minecraft:stone_pickaxe":97,"minecraft:blackstone":2,"minecraft:wooden_pickaxe":4,"minecraft:gold_ore":22,"minecraft:golden_apple":7,"minecraft:crafting_table":10,"minecraft:blast_furnace":5,"simplyswords:iron_halberd":55,"minecraft:campfire":1,"minecraft:smoker":1,"minecraft:diamond_pickaxe":987,"minecraft:crying_obsidian":1,"minecraft:bread":11,"minecraft:iron_pickaxe":220,"minecraft:cobblestone":10,"minecraft:porkchop":7,"minecraft:cooked_porkchop":20,"minecraft:smithing_table":1,"minecraft:andesite":1}},"DataVersion":3465}