{"stats":{"minecraft:mined":{"minecraft:deepslate_diamond_ore":1,"minecraft:smoker":2,"minecraft:crimson_nylium":2,"minecraft:brewing_stand":1,"minecraft:obsidian":3,"minecraft:crafting_table":6,"minecraft:granite":2,"minecraft:blast_furnace":4,"minecraft:grass_block":46,"minecraft:crimson_roots":4,"minecraft:weeping_vines":1,"minecraft:tall_grass":24,"minecraft:cobblestone":2,"minecraft:deepslate_gold_ore":3,"minecraft:oak_planks":7,"minecraft:wall_torch":3,"minecraft:furnace":1,"minecraft:iron_ore":128,"minecraft:wheat":5,"minecraft:cobbled_deepslate":8,"minecraft:spruce_log":6,"minecraft:andesite":12,"minecraft:gold_block":1,"minecraft:grass":26,"minecraft:potatoes":1,"minecraft:coal_ore":56,"minecraft:deepslate_iron_ore":25,"minecraft:gravel":47,"minecraft:dirt":1,"minecraft:stone":37,"minecraft:netherrack":16,"minecraft:deepslate":15,"minecraft:fern":1},"minecraft:used":{"minecraft:iron_shovel":100,"minecraft:stone_pickaxe":97,"minecraft:oak_planks":12,"minecraft:shield":10,"minecraft:wooden_pickaxe":4,"minecraft:rotten_flesh":7,"minecraft:netherrack":3,"minecraft:torch":3,"minecraft:anvil":1,"minecraft:mutton":2,"simplyswords:iron_katana":7,"minecraft:crafting_table":6,"minecraft:blast_furnace":2,"simplyswords:iron_halberd":46,"minecraft:granite":2,"minecraft:obsidian":1,"minecraft:diamond_pickaxe":3,"minecraft:iron_axe":71,"minecraft:bread":11,"minecraft:iron_pickaxe":218,"minecraft:crimson_roots":1,"minecraft:cobblestone":1,"minecraft:golden_carrot":7,"minecraft:cooked_porkchop":1,"minecraft:furnace":1,"minecraft:porkchop":7,"minecraft:andesite":1,"comforts:sleeping_bag_white":4,"minecraft:cobbled_deepslate":18},"minecraft:custom":{"minecraft:interact_with_furnace":11,"minecraft:mob_kills":39,"minecraft:interact_with_crafting_table":22,"minecraft:open_barrel":40,"minecraft:bell_ring":8,"minecraft:leave_game":1,"minecraft:time_since_death":83709,"minecraft:sleep_in_bed":6,"minecraft:climb_one_cm":773,"minecraft:time_since_rest":23566,"minecraft:sprint_one_cm":211755,"minecraft:damage_taken":2039,"minecraft:walk_one_cm":194167,"minecraft:damage_blocked_by_shield":663,"minecraft:drop":27,"minecraft:damage_dealt":7482,"minecraft:talked_to_villager":3,"minecraft:swim_one_cm":5169,"minecraft:fly_one_cm":244369,"minecraft:open_chest":5,"minecraft:crouch_one_cm":26874,"minecraft:play_time":83709,"minecraft:sneak_time":8399,"minecraft:walk_under_water_one_cm":968,"minecraft:jump":1448,"minecraft:interact_with_blast_furnace":19,"minecraft:walk_on_water_one_cm":2098,"minecraft:total_world_time":83709,"minecraft:fall_one_cm":43175},"minecraft:picked_up":{"simplyswords:iron_katana":1,"minecraft:crafting_table":6,"minecraft:wheat":5,"minecraft:golden_carrot":7,"minecraft:andesite":12,"minecraft:leather":7,"minecraft:smoker":1,"minecraft:potato":5,"minecraft:gold_block":1,"minecraft:flint":15,"minecraft:brewing_stand":1,"minecraft:golden_boots":1,"minecraft:dirt":44,"minecraft:string":3,"minecraft:leather_boots":1,"minecraft:iron_shovel":2,"minecraft:bone":4,"minecraft:wheat_seeds":21,"minecraft:cobbled_deepslate":23,"minecraft:raw_gold":3,"comforts:sleeping_bag_white":5,"minecraft:iron_ingot":12,"minecraft:iron_pickaxe":1,"minecraft:oak_planks":227,"minecraft:furnace":1,"minecraft:stick":7,"minecraft:raw_iron":153,"minecraft:cooked_porkchop":1,"minecraft:torch":4,"minecraft:porkchop":20,"minecraft:gravel":44,"simplyswords:iron_halberd":1,"minecraft:blast_furnace":3,"minecraft:white_bed":1,"minecraft:spruce_log":6,"minecraft:arrow":4,"minecraft:rotten_flesh":14,"minecraft:diamond":1,"minecraft:granite":2,"minecraft:gray_wool":1,"minecraft:netherrack":23,"minecraft:obsidian":3,"minecraft:mutton":2,"minecraft:coal":176,"minecraft:crimson_roots":5,"minecraft:cobblestone":41},"minecraft:dropped":{"minecraft:gravel":44,"minecraft:iron_ingot":4,"minecraft:wheat_seeds":21,"hangglider:hang_glider":1,"simplyswords:iron_katana":2,"minecraft:diamond":1,"minecraft:rotten_flesh":7,"simplyswords:iron_halberd":1,"minecraft:white_bed":1,"minecraft:stick":2,"minecraft:dirt":44,"minecraft:potato":5,"minecraft:gray_wool":1,"minecraft:andesite":11,"minecraft:arrow":4,"minecraft:stone_pickaxe":1,"minecraft:wooden_pickaxe":1,"minecraft:iron_pickaxe":1,"minecraft:iron_shovel":1,"minecraft:bone":4},"minecraft:crafted":{"minecraft:smooth_stone":3,"minecraft:iron_nugget":9,"minecraft:crafting_table":1,"simplyswords:iron_katana":1,"minecraft:spruce_planks":24,"minecraft:wooden_pickaxe":1,"minecraft:iron_helmet":1,"simplyswords:iron_halberd":1,"minecraft:furnace":1,"minecraft:blast_furnace":1,"minecraft:stone":3,"minecraft:bread":1,"minecraft:air":0,"minecraft:iron_boots":1,"minecraft:iron_chestplate":1,"minecraft:shield":1,"minecraft:iron_axe":1,"minecraft:stick":16,"minecraft:iron_ingot":153,"minecraft:iron_pickaxe":1,"minecraft:stone_pickaxe":1,"minecraft:iron_block":3,"minecraft:gold_ingot":20,"minecraft:iron_leggings":1,"minecraft:anvil":1,"minecraft:torch":12},"minecraft:killed":{"minecraft:piglin":6,"minecraft:cave_spider":1,"minecraft:spider":4,"minecraft:iron_golem":1,"minecraft:hoglin":6,"minecraft:sheep":1,"minecraft:skeleton":4,"minecraft:zombie":12,"minecraft:silverfish":4}},"DataVersion":3465}