{"stats":{"minecraft:crafted":{"minecraft:black_dye":3,"minecraft:oak_planks":180,"minecraft:smooth_stone":3,"simplyswords:iron_katana":1,"hangglider:hang_glider":1,"minecraft:stone":3,"sophisticatedbackpacks:crafting_upgrade":1,"minecraft:bookshelf":9,"minecraft:diamond_helmet":1,"minecraft:iron_boots":2,"minecraft:chest":2,"minecraft:oak_fence":24,"sophisticatedbackpacks:backpack":2,"minecraft:cooked_porkchop":11,"minecraft:crafting_table":2,"minecraft:spruce_planks":24,"minecraft:wooden_pickaxe":1,"minecraft:iron_helmet":2,"minecraft:campfire":1,"sophisticatedbackpacks:upgrade_base":2,"minecraft:iron_chestplate":2,"minecraft:shield":3,"sophisticatedbackpacks:diamond_backpack":4,"minecraft:stick":44,"minecraft:iron_ingot":161,"minecraft:iron_pickaxe":1,"minecraft:iron_block":3,"minecraft:gold_ingot":110,"sophisticatedbackpacks:blasting_upgrade":1,"minecraft:netherite_ingot":1,"hangglider:glider_framework":1,"minecraft:coal":27,"simplyswords:diamond_scythe":1,"minecraft:iron_nugget":9,"minecraft:diamond_hoe":1,"minecraft:furnace":1,"minecraft:blast_furnace":1,"minecraft:bone_meal":57,"hangglider:glider_wing":2,"minecraft:iron_axe":1,"minecraft:stone_pickaxe":1,"minecraft:diamond_boots":1,"minecraft:netherite_scrap":1,"sophisticatedbackpacks:iron_backpack":2,"simplyswords:iron_halberd":1,"sophisticatedbackpacks:gold_backpack":2,"minecraft:bucket":1,"simplyswords:diamond_rapier":1,"minecraft:enchanted_book":16,"minecraft:bread":1,"minecraft:air":0,"minecraft:oak_fence_gate":3,"minecraft:iron_leggings":2,"minecraft:anvil":1,"minecraft:torch":12,"minecraft:diamond_chestplate":1},"minecraft:picked_up":{"minecraft:wheat":5,"minecraft:nether_brick_fence":3,"minecraft:smithing_table":2,"minecraft:oak_stairs":6,"minecraft:enchanted_book":4,"minecraft:brewing_stand":1,"minecraft:string":52,"minecraft:soul_soil":3,"simplyswords:diamond_scythe":1,"minecraft:gold_nugget":38,"minecraft:cobbled_deepslate":417,"comforts:sleeping_bag_white":15,"minecraft:spruce_planks":3,"minecraft:smooth_quartz":26,"minecraft:iron_pickaxe":2,"minecraft:coal_block":3,"minecraft:furnace":1,"minecraft:iron_boots":1,"minecraft:tipped_arrow":2,"minecraft:stick":10,"minecraft:big_dripleaf":2,"minecraft:oak_fence":4,"minecraft:torch":4,"minecraft:porkchop":20,"simplyswords:netherite_scythe":1,"minecraft:rotten_flesh":48,"minecraft:obsidian":14,"minecraft:cobblestone":151,"minecraft:pink_petals":1,"minecraft:magma_block":6,"minecraft:feather":4,"minecraft:andesite":13,"minecraft:smoker":4,"minecraft:potato":117,"minecraft:flint":17,"minecraft:tuff":13,"minecraft:dirt":62,"minecraft:lantern":24,"minecraft:leather_boots":3,"minecraft:bone":17,"minecraft:stonecutter":1,"minecraft:bow":2,"minecraft:wheat_seeds":26,"minecraft:raw_gold":87,"minecraft:bell":1,"minecraft:moss_block":1,"minecraft:oak_planks":240,"minecraft:cooked_porkchop":3,"minecraft:sand":23,"minecraft:ink_sac":3,"minecraft:mossy_cobblestone":2,"minecraft:diamond":219,"minecraft:granite":6,"minecraft:bread":25,"minecraft:emerald":926,"minecraft:oak_sapling":4,"minecraft:netherrack":288,"minecraft:crimson_roots":5,"minecraft:diamond_pickaxe":2,"minecraft:charcoal":2,"minecraft:coarse_dirt":1,"minecraft:crafting_table":10,"minecraft:gold_block":3,"minecraft:iron_axe":1,"minecraft:iron_shovel":2,"minecraft:blackstone":2,"minecraft:cartography_table":1,"minecraft:lectern":29,"minecraft:chest":1,"minecraft:egg":1,"minecraft:raw_iron":455,"minecraft:spruce_fence":1,"simplyswords:iron_halberd":1,"minecraft:stone_button":20,"minecraft:redstone":84,"minecraft:arrow":22,"minecraft:nether_bricks":1,"minecraft:diamond_boots":2,"minecraft:mutton":2,"minecraft:bone_block":4,"minecraft:stripped_oak_log":3,"simplyswords:iron_katana":1,"minecraft:basalt":1,"minecraft:golden_carrot":31,"minecraft:glow_ink_sac":1,"minecraft:leather":7,"minecraft:jungle_fence":4,"minecraft:oak_log":13,"minecraft:golden_boots":1,"minecraft:yellow_bed":3,"minecraft:gunpowder":16,"sophisticatedbackpacks:upgrade_base":1,"minecraft:oak_fence_gate":1,"minecraft:iron_ingot":27,"minecraft:cooked_chicken":2,"minecraft:iron_ore":48,"minecraft:book":41,"minecraft:sweet_berries":3,"minecraft:quartz":11,"minecraft:dandelion":1,"minecraft:gravel":46,"minecraft:blast_furnace":7,"minecraft:white_bed":2,"minecraft:spruce_log":6,"minecraft:spider_eye":18,"minecraft:leather_helmet":6,"simplyswords:diamond_greathammer":1,"minecraft:gray_wool":1,"minecraft:warped_roots":1,"minecraft:baked_potato":1,"minecraft:coal":374},"minecraft:mined":{"minecraft:white_bed":1,"minecraft:oak_sapling":1,"minecraft:brewing_stand":1,"minecraft:obsidian":15,"minecraft:granite":6,"minecraft:grass_block":53,"minecraft:soul_soil":9,"minecraft:coal_block":3,"minecraft:spawner":1,"minecraft:magma_block":7,"minecraft:iron_ore":167,"minecraft:cobbled_deepslate":30,"minecraft:cave_vines":2,"minecraft:oak_stairs":4,"minecraft:deepslate_redstone_ore":15,"minecraft:smoker":2,"minecraft:crimson_nylium":2,"minecraft:soul_fire":11,"minecraft:blast_furnace":5,"minecraft:nether_quartz_ore":6,"minecraft:cobblestone":11,"minecraft:oak_planks":7,"minecraft:wall_torch":3,"minecraft:pink_petals":2,"minecraft:wheat":5,"minecraft:grass":45,"minecraft:oak_log":13,"minecraft:sand":23,"minecraft:dirt":5,"minecraft:smooth_quartz":33,"minecraft:stonecutter":1,"minecraft:netherrack":332,"minecraft:oak_leaves":18,"minecraft:deepslate":381,"minecraft:tuff":13,"minecraft:mossy_cobblestone":2,"minecraft:deepslate_diamond_ore":94,"minecraft:nether_bricks":2,"minecraft:spruce_fence":1,"minecraft:crimson_roots":4,"minecraft:weeping_vines":1,"minecraft:spruce_leaves":2,"minecraft:cartography_table":1,"minecraft:moss_block":1,"minecraft:furnace":1,"minecraft:andesite":13,"minecraft:gold_block":2,"minecraft:nether_brick_fence":3,"minecraft:bookshelf":9,"minecraft:potatoes":26,"minecraft:deepslate_iron_ore":47,"minecraft:vine":1,"minecraft:stripped_oak_log":1,"minecraft:stone":134,"minecraft:bone_block":1,"minecraft:smithing_table":2,"minecraft:soul_sand":1,"minecraft:basalt":1,"minecraft:dandelion":1,"minecraft:oak_fence":3,"minecraft:crafting_table":10,"minecraft:lectern":22,"minecraft:campfire":1,"minecraft:tall_grass":34,"minecraft:deepslate_gold_ore":14,"minecraft:big_dripleaf":1,"minecraft:sweet_berry_bush":1,"minecraft:spruce_log":6,"minecraft:jungle_fence":4,"minecraft:yellow_bed":3,"minecraft:coal_ore":117,"minecraft:gravel":51,"minecraft:small_dripleaf":1,"minecraft:gold_ore":24,"minecraft:fern":2},"minecraft:custom":{"minecraft:interact_with_crafting_table":46,"minecraft:open_barrel":68,"minecraft:bell_ring":17,"minecraft:leave_game":4,"minecraft:time_since_death":278279,"minecraft:sprint_one_cm":663205,"minecraft:damage_blocked_by_shield":3684,"minecraft:drop":150,"minecraft:talked_to_villager":58,"minecraft:play_time":278279,"minecraft:jump":4330,"minecraft:walk_on_water_one_cm":4656,"minecraft:interact_with_furnace":11,"minecraft:traded_with_villager":25,"minecraft:sleep_in_bed":17,"minecraft:damage_dealt":35275,"minecraft:crouch_one_cm":55416,"minecraft:interact_with_smoker":3,"minecraft:interact_with_smithing_table":10,"minecraft:mob_kills":185,"minecraft:interact_with_anvil":11,"minecraft:interact_with_campfire":8,"minecraft:damage_dealt_resisted":93,"minecraft:climb_one_cm":4386,"minecraft:walk_one_cm":563758,"minecraft:damage_dealt_absorbed":224,"minecraft:sneak_time":17607,"minecraft:walk_under_water_one_cm":7432,"minecraft:interact_with_blast_furnace":32,"minecraft:total_world_time":278279,"minecraft:time_since_rest":12815,"minecraft:damage_taken":7579,"minecraft:damage_absorbed":280,"minecraft:swim_one_cm":23462,"minecraft:fly_one_cm":842160,"minecraft:open_chest":80,"minecraft:fall_one_cm":142451},"minecraft:dropped":{"sophisticatedbackpacks:upgrade_base":1,"minecraft:baked_potato":1,"minecraft:diamond":44,"minecraft:crafting_table":1,"minecraft:jungle_fence":4,"minecraft:lantern":14,"minecraft:leather":4,"simplyswords:iron_halberd":1,"minecraft:leather_helmet":5,"minecraft:emerald":400,"minecraft:dirt":46,"minecraft:stone_button":9,"minecraft:sand":23,"minecraft:iron_pickaxe":3,"minecraft:bone":8,"minecraft:gravel":46,"hangglider:hang_glider":1,"minecraft:iron_nugget":8,"simplyswords:iron_katana":2,"minecraft:cobbled_deepslate":336,"minecraft:obsidian":2,"minecraft:rotten_flesh":14,"minecraft:white_bed":1,"minecraft:gunpowder":3,"minecraft:leather_boots":3,"simplyswords:diamond_greathammer":1,"minecraft:iron_ore":48,"minecraft:basalt":1,"minecraft:arrow":11,"minecraft:quartz":4,"minecraft:netherrack":168,"minecraft:lectern":3,"minecraft:enchanted_book":7,"minecraft:iron_ingot":68,"minecraft:golden_boots":1,"minecraft:black_dye":1,"minecraft:wheat_seeds":26,"minecraft:mossy_cobblestone":2,"minecraft:diamond_leggings":1,"minecraft:iron_helmet":1,"minecraft:cobblestone":124,"minecraft:granite":4,"minecraft:stick":8,"minecraft:gray_wool":1,"minecraft:golden_carrot":3,"minecraft:brewing_stand":1,"minecraft:diamond_helmet":1,"minecraft:iron_leggings":2,"minecraft:iron_axe":1,"minecraft:iron_shovel":1,"minecraft:string":12,"simplyswords:netherite_scythe":1,"minecraft:soul_soil":2,"minecraft:coarse_dirt":1,"minecraft:tuff":13,"minecraft:iron_boots":2,"minecraft:spruce_fence":1,"minecraft:big_dripleaf":2,"minecraft:potato":5,"minecraft:diamond_chestplate":1,"minecraft:spruce_planks":3,"minecraft:iron_chestplate":2,"minecraft:diamond_pickaxe":2,"minecraft:andesite":12,"minecraft:spider_eye":1,"minecraft:diamond_boots":3,"minecraft:bow":2,"minecraft:stone_pickaxe":1,"simplyswords:diamond_scythe":1,"minecraft:wooden_pickaxe":1},"minecraft:killed":{"minecraft:cave_spider":4,"minecraft:spider":55,"minecraft:skeleton":18,"minecraft:chicken":2,"minecraft:silverfish":5,"minecraft:illusioner":1,"minecraft:magma_cube":6,"minecraft:piglin":7,"minecraft:iron_golem":3,"minecraft:creeper":15,"minecraft:sheep":1,"minecraft:zombie":51,"minecraft:stray":3,"minecraft:bat":1,"minecraft:hoglin":6,"minecraft:squid":3},"minecraft:broken":{"minecraft:shield":1,"minecraft:iron_helmet":1},"minecraft:used":{"minecraft:nether_brick_fence":1,"minecraft:iron_shovel":136,"minecraft:diamond_hoe":92,"minecraft:chest":4,"minecraft:shield":83,"minecraft:iron_sword":12,"minecraft:bell":1,"minecraft:rotten_flesh":7,"minecraft:mutton":2,"simplyswords:diamond_rapier":10,"minecraft:obsidian":12,"minecraft:lantern":10,"minecraft:crimson_roots":1,"simplyswords:netherite_scythe":213,"minecraft:sweet_berries":3,"minecraft:furnace":1,"minecraft:oak_sapling":2,"minecraft:egg":1,"minecraft:potato":77,"minecraft:diamond_boots":1,"minecraft:oak_planks":19,"minecraft:stone_pickaxe":97,"minecraft:blackstone":2,"minecraft:wooden_pickaxe":4,"minecraft:diamond_axe":29,"minecraft:golden_apple":7,"minecraft:blast_furnace":5,"simplyswords:iron_halberd":55,"minecraft:crying_obsidian":1,"minecraft:bread":15,"minecraft:lectern":25,"minecraft:smithing_table":1,"minecraft:andesite":1,"minecraft:bone_meal":85,"minecraft:oak_fence":22,"minecraft:cooked_chicken":2,"minecraft:netherrack":16,"minecraft:torch":9,"minecraft:dirt":34,"minecraft:anvil":1,"simplyswords:iron_katana":7,"minecraft:granite":2,"minecraft:oak_fence_gate":4,"minecraft:bookshelf":9,"simplyswords:diamond_scythe":39,"minecraft:iron_axe":129,"minecraft:oak_stairs":21,"simplyswords:diamond_greathammer":67,"minecraft:iron_boots":2,"minecraft:golden_carrot":25,"minecraft:soul_soil":1,"comforts:sleeping_bag_white":14,"minecraft:cobbled_deepslate":20,"minecraft:water_bucket":3,"minecraft:iron_ore":48,"minecraft:baked_potato":27,"minecraft:gold_ore":22,"minecraft:crafting_table":10,"minecraft:white_bed":1,"minecraft:campfire":1,"minecraft:smoker":1,"minecraft:oak_log":3,"minecraft:diamond_pickaxe":1183,"minecraft:iron_pickaxe":220,"minecraft:cobblestone":14,"minecraft:porkchop":7,"minecraft:cooked_porkchop":20,"minecraft:bucket":4,"minecraft:yellow_bed":3,"minecraft:stripped_oak_log":2}},"DataVersion":3465}