{"stats":{"minecraft:mined":{"minecraft:deepslate_diamond_ore":7,"minecraft:brewing_stand":1,"minecraft:obsidian":15,"minecraft:granite":2,"minecraft:grass_block":46,"minecraft:crimson_roots":4,"minecraft:weeping_vines":1,"minecraft:soul_soil":9,"minecraft:moss_block":1,"minecraft:spawner":1,"minecraft:furnace":1,"minecraft:iron_ore":128,"minecraft:cobbled_deepslate":8,"minecraft:andesite":12,"minecraft:gold_block":2,"minecraft:nether_brick_fence":2,"minecraft:potatoes":1,"minecraft:cave_vines":2,"minecraft:deepslate_iron_ore":25,"minecraft:stone":41,"minecraft:bone_block":1,"minecraft:smithing_table":1,"minecraft:soul_sand":1,"minecraft:crimson_nylium":2,"minecraft:smoker":2,"minecraft:soul_fire":9,"minecraft:basalt":1,"minecraft:crafting_table":9,"minecraft:blast_furnace":4,"minecraft:campfire":1,"minecraft:nether_quartz_ore":2,"minecraft:tall_grass":26,"minecraft:cobblestone":2,"minecraft:deepslate_gold_ore":3,"minecraft:oak_planks":7,"minecraft:wall_torch":3,"minecraft:big_dripleaf":1,"minecraft:wheat":5,"minecraft:spruce_log":6,"minecraft:grass":27,"minecraft:coal_ore":56,"minecraft:sand":23,"minecraft:smooth_quartz":11,"minecraft:gravel":47,"minecraft:dirt":1,"minecraft:small_dripleaf":1,"minecraft:netherrack":212,"minecraft:deepslate":39,"minecraft:fern":1},"minecraft:used":{"minecraft:iron_shovel":133,"minecraft:shield":17,"minecraft:iron_sword":12,"minecraft:rotten_flesh":7,"minecraft:netherrack":13,"minecraft:torch":9,"minecraft:mutton":2,"minecraft:anvil":1,"simplyswords:iron_katana":7,"minecraft:granite":2,"minecraft:obsidian":12,"minecraft:iron_axe":79,"simplyswords:diamond_greathammer":14,"minecraft:crimson_roots":1,"minecraft:golden_carrot":7,"minecraft:soul_soil":1,"minecraft:furnace":1,"comforts:sleeping_bag_white":6,"minecraft:cobbled_deepslate":18,"minecraft:stone_pickaxe":97,"minecraft:oak_planks":12,"minecraft:blackstone":2,"minecraft:wooden_pickaxe":4,"minecraft:golden_apple":7,"minecraft:crafting_table":9,"minecraft:blast_furnace":2,"simplyswords:iron_halberd":55,"minecraft:campfire":1,"minecraft:smoker":1,"minecraft:diamond_pickaxe":268,"minecraft:crying_obsidian":1,"minecraft:bread":11,"minecraft:iron_pickaxe":220,"minecraft:cobblestone":1,"minecraft:porkchop":7,"minecraft:cooked_porkchop":20,"minecraft:smithing_table":1,"minecraft:andesite":1},"minecraft:custom":{"minecraft:interact_with_smithing_table":7,"minecraft:mob_kills":52,"minecraft:interact_with_crafting_table":30,"minecraft:open_barrel":41,"minecraft:interact_with_campfire":8,"minecraft:bell_ring":8,"minecraft:leave_game":1,"minecraft:time_since_death":128999,"minecraft:climb_one_cm":773,"minecraft:sprint_one_cm":303988,"minecraft:walk_one_cm":281506,"minecraft:damage_blocked_by_shield":833,"minecraft:drop":65,"minecraft:talked_to_villager":3,"minecraft:play_time":128999,"minecraft:sneak_time":11411,"minecraft:walk_under_water_one_cm":3438,"minecraft:jump":2185,"minecraft:interact_with_blast_furnace":19,"minecraft:walk_on_water_one_cm":3154,"minecraft:total_world_time":128999,"minecraft:interact_with_furnace":11,"minecraft:sleep_in_bed":8,"minecraft:time_since_rest":3395,"minecraft:damage_absorbed":280,"minecraft:damage_taken":4532,"minecraft:damage_dealt":9823,"minecraft:swim_one_cm":20803,"minecraft:fly_one_cm":426872,"minecraft:open_chest":20,"minecraft:crouch_one_cm":33193,"minecraft:interact_with_smoker":3,"minecraft:fall_one_cm":66749},"minecraft:picked_up":{"minecraft:charcoal":2,"minecraft:crafting_table":9,"minecraft:wheat":5,"minecraft:nether_brick_fence":2,"minecraft:smithing_table":1,"minecraft:gold_block":3,"minecraft:brewing_stand":1,"minecraft:string":3,"minecraft:soul_soil":3,"minecraft:iron_axe":1,"minecraft:iron_shovel":2,"minecraft:blackstone":2,"minecraft:gold_nugget":38,"minecraft:cobbled_deepslate":45,"comforts:sleeping_bag_white":7,"minecraft:spruce_planks":3,"minecraft:smooth_quartz":14,"minecraft:iron_pickaxe":2,"minecraft:furnace":1,"minecraft:raw_iron":153,"minecraft:stick":10,"minecraft:big_dripleaf":2,"minecraft:torch":4,"minecraft:porkchop":20,"simplyswords:iron_halberd":1,"minecraft:stone_button":20,"minecraft:arrow":8,"minecraft:rotten_flesh":14,"minecraft:mutton":2,"minecraft:obsidian":14,"minecraft:bone_block":4,"minecraft:cobblestone":41,"simplyswords:iron_katana":1,"minecraft:basalt":1,"minecraft:golden_carrot":7,"minecraft:andesite":12,"minecraft:leather":7,"minecraft:smoker":2,"minecraft:potato":5,"minecraft:flint":15,"minecraft:golden_boots":1,"minecraft:dirt":44,"minecraft:leather_boots":1,"minecraft:bone":6,"minecraft:wheat_seeds":23,"minecraft:raw_gold":3,"minecraft:iron_ingot":12,"minecraft:moss_block":1,"minecraft:oak_planks":227,"minecraft:cooked_porkchop":3,"minecraft:quartz":4,"minecraft:gravel":44,"minecraft:sand":23,"minecraft:blast_furnace":3,"minecraft:white_bed":1,"minecraft:spruce_log":6,"simplyswords:diamond_greathammer":1,"scout:tanned_leather":137,"minecraft:diamond":7,"minecraft:granite":2,"minecraft:gray_wool":1,"minecraft:netherrack":181,"minecraft:coal":189,"minecraft:crimson_roots":5,"minecraft:diamond_pickaxe":2},"minecraft:dropped":{"minecraft:golden_boots":1,"minecraft:iron_ingot":4,"minecraft:wheat_seeds":23,"minecraft:diamond":1,"scout:tanned_leather":128,"minecraft:cobblestone":31,"simplyswords:iron_halberd":1,"minecraft:stick":8,"minecraft:dirt":44,"minecraft:gray_wool":1,"minecraft:brewing_stand":1,"minecraft:stone_button":9,"minecraft:iron_leggings":1,"minecraft:sand":23,"minecraft:iron_axe":1,"minecraft:iron_pickaxe":3,"minecraft:iron_shovel":1,"minecraft:string":7,"minecraft:bone":6,"minecraft:gravel":44,"minecraft:soul_soil":2,"hangglider:hang_glider":1,"minecraft:iron_nugget":8,"simplyswords:iron_katana":2,"minecraft:obsidian":2,"minecraft:rotten_flesh":7,"minecraft:white_bed":1,"minecraft:big_dripleaf":2,"minecraft:potato":5,"minecraft:spruce_planks":3,"minecraft:iron_chestplate":1,"minecraft:diamond_pickaxe":2,"minecraft:andesite":11,"minecraft:leather_boots":1,"simplyswords:diamond_greathammer":1,"minecraft:basalt":1,"minecraft:arrow":7,"minecraft:wooden_pickaxe":1,"minecraft:stone_pickaxe":1,"minecraft:quartz":4,"minecraft:netherrack":168},"minecraft:crafted":{"hangglider:glider_framework":1,"minecraft:smooth_stone":3,"scout:satchel":1,"minecraft:iron_nugget":9,"simplyswords:iron_katana":1,"hangglider:hang_glider":1,"minecraft:furnace":1,"minecraft:blast_furnace":1,"minecraft:stone":3,"hangglider:glider_wing":2,"scout:upgraded_pouch":1,"minecraft:iron_boots":2,"minecraft:iron_axe":1,"minecraft:stone_pickaxe":1,"minecraft:cooked_porkchop":11,"minecraft:crafting_table":1,"minecraft:spruce_planks":24,"minecraft:wooden_pickaxe":1,"minecraft:iron_helmet":2,"simplyswords:iron_halberd":1,"minecraft:campfire":1,"minecraft:bread":1,"minecraft:air":0,"scout:pouch":2,"minecraft:iron_chestplate":2,"minecraft:shield":1,"minecraft:stick":28,"minecraft:iron_ingot":153,"minecraft:iron_pickaxe":1,"minecraft:iron_block":3,"minecraft:iron_leggings":2,"minecraft:gold_ingot":110,"minecraft:anvil":1,"minecraft:torch":12,"scout:satchel_strap":2},"minecraft:killed":{"minecraft:cave_spider":1,"minecraft:spider":4,"minecraft:skeleton":8,"minecraft:silverfish":4,"minecraft:magma_cube":6,"minecraft:piglin":7,"minecraft:iron_golem":1,"minecraft:hoglin":6,"minecraft:sheep":1,"minecraft:zombie":12},"minecraft:broken":{"minecraft:iron_helmet":1}},"DataVersion":3465}