{"stats":{"minecraft:mined":{"minecraft:deepslate_diamond_ore":1,"minecraft:brewing_stand":1,"minecraft:crafting_table":3,"minecraft:granite":2,"minecraft:blast_furnace":1,"minecraft:tall_grass":8,"minecraft:cobblestone":2,"minecraft:deepslate_gold_ore":3,"minecraft:oak_planks":1,"minecraft:wall_torch":3,"minecraft:furnace":1,"minecraft:iron_ore":128,"minecraft:cobbled_deepslate":8,"minecraft:spruce_log":6,"minecraft:andesite":12,"minecraft:grass":3,"minecraft:coal_ore":56,"minecraft:deepslate_iron_ore":25,"minecraft:stone":37,"minecraft:deepslate":15,"minecraft:fern":1},"minecraft:used":{"minecraft:stone_pickaxe":97,"minecraft:wooden_pickaxe":4,"minecraft:torch":3,"minecraft:mutton":2,"simplyswords:iron_katana":3,"minecraft:crafting_table":4,"minecraft:blast_furnace":2,"minecraft:granite":2,"minecraft:iron_axe":59,"minecraft:bread":10,"minecraft:iron_pickaxe":193,"minecraft:cobblestone":1,"minecraft:golden_carrot":4,"minecraft:furnace":1,"comforts:sleeping_bag_white":3,"minecraft:cobbled_deepslate":18},"minecraft:custom":{"minecraft:interact_with_furnace":11,"minecraft:mob_kills":26,"minecraft:interact_with_crafting_table":16,"minecraft:bell_ring":6,"minecraft:leave_game":1,"minecraft:time_since_death":53709,"minecraft:sleep_in_bed":5,"minecraft:climb_one_cm":206,"minecraft:time_since_rest":7644,"minecraft:sprint_one_cm":88127,"minecraft:damage_taken":1267,"minecraft:walk_one_cm":108397,"minecraft:drop":7,"minecraft:damage_dealt":4157,"minecraft:talked_to_villager":3,"minecraft:swim_one_cm":5169,"minecraft:fly_one_cm":150248,"minecraft:open_chest":2,"minecraft:crouch_one_cm":18794,"minecraft:play_time":53709,"minecraft:sneak_time":6924,"minecraft:walk_under_water_one_cm":968,"minecraft:jump":978,"minecraft:interact_with_blast_furnace":14,"minecraft:walk_on_water_one_cm":2098,"minecraft:total_world_time":53709,"minecraft:fall_one_cm":25672},"minecraft:picked_up":{"minecraft:crafting_table":3,"minecraft:golden_carrot":4,"minecraft:andesite":12,"minecraft:brewing_stand":1,"minecraft:string":3,"minecraft:bone":4,"minecraft:wheat_seeds":3,"minecraft:cobbled_deepslate":23,"minecraft:raw_gold":3,"comforts:sleeping_bag_white":4,"minecraft:iron_pickaxe":1,"minecraft:oak_planks":1,"minecraft:furnace":1,"minecraft:raw_iron":153,"minecraft:torch":4,"minecraft:blast_furnace":1,"minecraft:spruce_log":6,"minecraft:arrow":4,"minecraft:rotten_flesh":7,"minecraft:diamond":1,"minecraft:granite":2,"minecraft:gray_wool":1,"minecraft:mutton":2,"minecraft:coal":147,"minecraft:cobblestone":41},"minecraft:dropped":{"minecraft:wheat_seeds":3,"minecraft:gray_wool":1,"minecraft:stone_pickaxe":1,"minecraft:wooden_pickaxe":1,"minecraft:iron_pickaxe":1},"minecraft:crafted":{"minecraft:smooth_stone":3,"minecraft:crafting_table":1,"simplyswords:iron_katana":1,"minecraft:spruce_planks":24,"minecraft:wooden_pickaxe":1,"minecraft:iron_helmet":1,"minecraft:furnace":1,"minecraft:blast_furnace":1,"minecraft:stone":3,"minecraft:air":0,"minecraft:iron_boots":1,"minecraft:iron_chestplate":1,"minecraft:shield":1,"minecraft:iron_axe":1,"minecraft:stick":12,"minecraft:iron_ingot":60,"minecraft:iron_pickaxe":1,"minecraft:stone_pickaxe":1,"minecraft:iron_leggings":1,"minecraft:torch":12},"minecraft:killed":{"minecraft:cave_spider":1,"minecraft:spider":4,"minecraft:sheep":1,"minecraft:skeleton":4,"minecraft:zombie":12,"minecraft:silverfish":4}},"DataVersion":3465}